"FID_15t16","Petro_15t16","Duque_15t16","vtotal_15t16","MOV18_15t16","elsnl_15","elsnmr_15","clrgst_15","clrgwk_15","elsnl_16","elsnmr_16","clrgst_16","clrgwk_16"
0,20584,40730,64629,0.31172,0,0.222,0.333,0,NA,NA,NA,NA
1,370,1519,1973,0.58236,0,0.222,0.333,0,NA,NA,NA,NA
2,968,2689,3833,0.449,0,0.222,0.333,0,NA,NA,NA,NA
3,1983,4516,6903,0.36694,0,0.222,0.333,0,NA,NA,NA,NA
4,1863,2552,4638,0.14856,0,0.222,0.333,0,NA,NA,NA,NA
5,2223,1730,4107,-0.12004,NA,NA,NA,NA,0,0,0,0.1
6,669,1306,2036,0.31287,0,0.222,0.333,0,NA,NA,NA,NA
7,364,1293,1709,0.54359,0,0.222,0.333,0,NA,NA,NA,NA
8,1438,2666,4328,0.28373,0,0.222,0.333,0,NA,NA,NA,NA
9,560,1467,2163,0.41933,0,0.222,0.333,0,NA,NA,NA,NA
10,3229,2730,6362,-0.07843,NA,NA,NA,NA,NA,NA,NA,NA
11,4433,7758,12894,0.25787,0,0.222,0.333,0,NA,NA,NA,NA
12,1135,894,2136,-0.11283,NA,NA,NA,NA,0,0,0,0.1
13,431,1343,1930,0.47254,0,0.222,0.333,0,NA,NA,NA,NA
14,692,1835,2673,0.42761,0,0.222,0.333,0,NA,NA,NA,NA
15,2314,4775,7619,0.32301,0,0.222,0.333,0,NA,NA,NA,NA
16,81160,49298,138157,-0.23062,NA,NA,NA,NA,0,0,0,0.1
17,5070,865,6060,-0.69389,NA,NA,NA,NA,0,0,0,0.1
18,8658,756,9678,-0.81649,NA,NA,NA,NA,0,0,0,0.1
19,5766,894,6837,-0.71259,NA,NA,NA,NA,0,0,0,0.1
20,10598,3051,13997,-0.53919,NA,NA,NA,NA,0,0,0,0.1
21,3608,3578,7788,-0.00385,NA,NA,NA,NA,NA,NA,NA,NA
22,5730,4657,11045,-0.09715,NA,NA,NA,NA,NA,NA,NA,NA
23,9177,2996,12537,-0.49302,NA,NA,NA,NA,0,0,0,0.1
24,7336,3149,11138,-0.37592,NA,NA,NA,NA,0,0,0,0.1
25,7164,3127,10870,-0.37139,NA,NA,NA,NA,0,0,0,0.1
26,1827,692,2610,-0.43487,NA,NA,NA,NA,0,0,0,0.1
27,6149,1640,8318,-0.54208,NA,NA,NA,NA,0,0,0,0.1
28,6049,2807,9112,-0.35579,NA,NA,NA,NA,0,0,0,0.1
29,4825,448,5428,-0.80637,NA,NA,NA,NA,0,0,0,0.1
30,2324,1941,4462,-0.08584,NA,NA,NA,NA,NA,NA,NA,NA
31,4461,2026,6694,-0.36376,NA,NA,NA,NA,0,0,0,0.1
32,5014,1205,6390,-0.59609,NA,NA,NA,NA,0,0,0,0.1
33,8606,3105,12420,-0.44291,NA,NA,NA,NA,0,0,0,0.1
34,4611,4379,9392,-0.0247,NA,NA,NA,NA,NA,NA,NA,NA
35,2842,678,3797,-0.56992,NA,NA,NA,NA,0,0,0,0.1
36,6755,2956,10076,-0.37703,NA,NA,NA,NA,0,0,0,0.1
37,6934,3040,10405,-0.37424,NA,NA,NA,NA,0,0,0,0.1
38,1300,884,2263,-0.18383,NA,NA,NA,NA,0,0,0,0.1
39,6031,7770,14629,0.11887,0,0.222,0.333,0,NA,NA,NA,NA
40,14474,2793,18253,-0.63995,NA,NA,NA,NA,0,0,0,0.1
41,2575,1680,4414,-0.20276,NA,NA,NA,NA,0,0,0,0.1
42,2007,2257,4482,0.05578,NA,NA,NA,NA,NA,NA,NA,NA
43,2014,1161,3273,-0.26062,NA,NA,NA,NA,0,0,0,0.1
44,24162,15383,42175,-0.20816,NA,NA,NA,NA,0,0,0,0.1
45,1121,746,1909,-0.19644,NA,NA,NA,NA,0,0,0,0.1
46,10044,2528,13025,-0.57704,NA,NA,NA,NA,0,0,0,0.1
47,2129,1560,3865,-0.14722,NA,NA,NA,NA,0,0,0,0.1
48,3492,3166,7142,-0.04565,NA,NA,NA,NA,NA,NA,NA,NA
49,2683,269,3009,-0.80226,NA,NA,NA,NA,0,0,0,0.1
50,6462,7056,14284,0.04158,NA,NA,NA,NA,NA,NA,NA,NA
51,9803,1165,11271,-0.76639,NA,NA,NA,NA,0,0,0,0.1
52,4514,1351,6045,-0.52324,NA,NA,NA,NA,0,0,0,0.1
53,6657,7503,15044,0.05624,NA,NA,NA,NA,NA,NA,NA,NA
54,6123,1286,7536,-0.64185,NA,NA,NA,NA,0,0,0,0.1
55,2374,1777,4244,-0.14067,NA,NA,NA,NA,0,0,0,0.1
56,5683,1127,6899,-0.66039,NA,NA,NA,NA,0,0,0,0.1
57,6328,1387,8155,-0.60589,NA,NA,NA,NA,0,0,0,0.1
58,448242,353824,856111,-0.11029,NA,NA,NA,NA,0,0,0,0.1
59,4905,4061,9560,-0.08828,NA,NA,NA,NA,NA,NA,NA,NA
60,1347,6504,8247,0.62532,0,0.222,0.333,0,NA,NA,NA,NA
61,417,2208,2753,0.65056,0,0.222,0.333,0,NA,NA,NA,NA
62,28689,22872,55755,-0.10433,NA,NA,NA,NA,0,0,0,0.1
63,6002,3712,10250,-0.22341,NA,NA,NA,NA,0,0,0,0.1
64,3250,9736,13809,0.46969,0,0.222,0.333,0,NA,NA,NA,NA
65,2639,3610,6680,0.14536,0,0.222,0.333,0,NA,NA,NA,NA
66,22860,10924,36341,-0.32844,NA,NA,NA,NA,0,0,0,0.1
67,16882,34529,55482,0.31807,0,0.222,0.333,0,NA,NA,NA,NA
68,546,3278,4035,0.67708,0,0.222,0.333,0,NA,NA,NA,NA
69,464,2425,3003,0.65301,0,0.222,0.333,0,NA,NA,NA,NA
70,17011,8418,27057,-0.31759,NA,NA,NA,NA,0,0,0,0.1
71,1098,3310,4641,0.47662,0,0.222,0.333,0,NA,NA,NA,NA
72,17778,7190,26421,-0.40074,NA,NA,NA,NA,0,0,0,0.1
73,4026,4718,9358,0.07395,NA,NA,NA,NA,NA,NA,NA,NA
74,9273,4871,14958,-0.29429,NA,NA,NA,NA,0,0,0,0.1
75,1554,3440,5327,0.35405,0,0.222,0.333,0,NA,NA,NA,NA
76,2243,2753,5312,0.09601,NA,NA,NA,NA,NA,NA,NA,NA
77,74340,51321,135337,-0.17009,NA,NA,NA,NA,0,0,0,0.1
78,12458,6665,20411,-0.28382,NA,NA,NA,NA,0,0,0,0.1
79,2029,4059,6540,0.3104,0,0.222,0.333,0,NA,NA,NA,NA
80,2446,4683,7648,0.29249,0,0.222,0.333,0,NA,NA,NA,NA
81,5061,10048,16154,0.30872,0,0.222,0.333,0,NA,NA,NA,NA
82,3152,3625,7278,0.06499,NA,NA,NA,NA,NA,NA,NA,NA
83,5548,10710,17570,0.2938,0,0.222,0.333,0,NA,NA,NA,NA
84,1168,4479,5931,0.55825,0,0.222,0.333,0,NA,NA,NA,NA
85,1809,5760,7979,0.49517,0,0.222,0.333,0,NA,NA,NA,NA
86,35560,43734,85706,0.09537,NA,NA,NA,NA,NA,NA,NA,NA
87,588,1467,2195,0.40046,0,0.222,0.333,0,NA,NA,NA,NA
88,532,2985,3687,0.66531,0,0.222,0.333,0,NA,NA,NA,NA
89,2213,2907,5348,0.12977,0,0.222,0.333,0,NA,NA,NA,NA
90,3112,3213,6832,0.01478,NA,NA,NA,NA,NA,NA,NA,NA
91,32720,15797,51433,-0.32903,NA,NA,NA,NA,0,0,0,0.1
92,11202,6801,19150,-0.22982,NA,NA,NA,NA,0,0,0,0.1
93,1346,4276,5953,0.49219,0,0.222,0.333,0,NA,NA,NA,NA
94,2961,11362,15370,0.54658,0,0.222,0.333,0,NA,NA,NA,NA
95,2256,3711,6286,0.23147,0,0.222,0.333,0,NA,NA,NA,NA
96,28498,19500,51291,-0.17543,NA,NA,NA,NA,0,0,0,0.1
97,1686,4966,6966,0.47086,0,0.222,0.333,0,NA,NA,NA,NA
98,5173,10373,16388,0.31731,0,0.222,0.333,0,NA,NA,NA,NA
99,62939,22908,89651,-0.44652,NA,NA,NA,NA,0,0,0,0.1
100,13979,6354,21153,-0.36047,NA,NA,NA,NA,0,0,0,0.1
101,1430,1026,2547,-0.15862,NA,NA,NA,NA,0,0,0,0.1
102,12043,1790,14189,-0.7226,NA,NA,NA,NA,0,0,0,0.1
103,3952,2166,6347,-0.28139,NA,NA,NA,NA,0,0,0,0.1
104,1355,1229,2711,-0.04648,NA,NA,NA,NA,NA,NA,NA,NA
105,4919,594,5666,-0.76333,NA,NA,NA,NA,0,0,0,0.1
106,1832,1043,2984,-0.26441,NA,NA,NA,NA,0,0,0,0.1
107,10681,1221,12195,-0.77573,NA,NA,NA,NA,0,0,0,0.1
108,5240,3580,9390,-0.17678,NA,NA,NA,NA,0,0,0,0.1
109,3861,606,4665,-0.69775,NA,NA,NA,NA,0,0,0,0.1
110,12987,6274,20333,-0.33015,NA,NA,NA,NA,0,0,0,0.1
111,2837,1770,4812,-0.22174,NA,NA,NA,NA,0,0,0,0.1
112,2194,3259,5674,0.1877,0,0.222,0.333,0,NA,NA,NA,NA
113,5716,3007,9110,-0.29737,NA,NA,NA,NA,0,0,0,0.1
114,1405,2571,4115,0.28335,0,0.222,0.333,0,NA,NA,NA,NA
115,3745,2930,6961,-0.11708,NA,NA,NA,NA,0,0,0,0.1
116,3011,1943,5155,-0.20718,NA,NA,NA,NA,0,0,0,0.1
117,4271,1784,6231,-0.39913,NA,NA,NA,NA,0,0,0,0.1
118,2431,298,2775,-0.76865,NA,NA,NA,NA,0,0,0,0.1
119,944,2332,3400,0.40824,0,0.222,0.333,0,NA,NA,NA,NA
120,2874,1616,4668,-0.26949,NA,NA,NA,NA,0,0,0,0.1
121,3315,380,3761,-0.78038,NA,NA,NA,NA,0,0,0,0.1
122,4489,3302,8260,-0.1437,NA,NA,NA,NA,0,0,0,0.1
123,9933,1581,11781,-0.70894,NA,NA,NA,NA,0,0,0,0.1
124,2734,1978,4929,-0.15338,NA,NA,NA,NA,0,0,0,0.1
125,1944,1217,3268,-0.22246,NA,NA,NA,NA,0,0,0,0.1
126,4256,1209,5621,-0.54207,NA,NA,NA,NA,0,0,0,0.1
127,116029,47331,171926,-0.39958,NA,NA,NA,NA,0,0,0,0.1
128,999,3049,4178,0.49067,0,0.222,0.333,0,NA,NA,NA,NA
129,2047,1321,3516,-0.20648,NA,NA,NA,NA,0,0,0,0.1
130,2057,1655,3873,-0.1038,NA,NA,NA,NA,0,0,0,0.1
131,2274,1404,3806,-0.22859,NA,NA,NA,NA,0,0,0,0.1
132,1151,1858,3140,0.22516,0,0.222,0.333,0,NA,NA,NA,NA
133,1666,1474,3298,-0.05822,NA,NA,NA,NA,NA,NA,NA,NA
134,2837,6253,9437,0.36198,0,0.222,0.333,0,NA,NA,NA,NA
135,2340,1116,3615,-0.33859,NA,NA,NA,NA,0,0,0,0.1
136,1795,1089,3038,-0.23239,NA,NA,NA,NA,0,0,0,0.1
137,1476,1272,2901,-0.07032,NA,NA,NA,NA,NA,NA,NA,NA
138,1884,1265,3230,-0.19164,NA,NA,NA,NA,0,0,0,0.1
139,6353,1340,7821,-0.64097,NA,NA,NA,NA,0,0,0,0.1
140,2808,1733,4726,-0.22747,NA,NA,NA,NA,0,0,0,0.1
141,3614,2127,5974,-0.24891,NA,NA,NA,NA,0,0,0,0.1
142,2171,1060,3299,-0.33677,NA,NA,NA,NA,0,0,0,0.1
143,2714,3099,5994,0.06423,NA,NA,NA,NA,NA,NA,NA,NA
144,13679,4398,18851,-0.49233,NA,NA,NA,NA,0,0,0,0.1
145,3610,1440,5156,-0.42087,NA,NA,NA,NA,0,0,0,0.1
146,3136,1545,4907,-0.32423,NA,NA,NA,NA,0,0,0,0.1
147,2554,439,3078,-0.68713,NA,NA,NA,NA,0,0,0,0.1
148,3531,4227,8054,0.08642,NA,NA,NA,NA,NA,NA,NA,NA
149,3186,1732,5051,-0.28786,NA,NA,NA,NA,0,0,0,0.1
150,3238,3656,7179,0.05823,NA,NA,NA,NA,NA,NA,NA,NA
151,1408,1701,3203,0.09148,NA,NA,NA,NA,NA,NA,NA,NA
152,7133,1756,9096,-0.59114,NA,NA,NA,NA,0,0,0,0.1
153,5107,6801,12518,0.13533,0,0.222,0.333,0,NA,NA,NA,NA
154,4175,1330,5671,-0.50168,NA,NA,NA,NA,0,0,0,0.1
155,3374,359,3825,-0.78824,NA,NA,NA,NA,0,0,0,0.1
156,2118,908,3189,-0.37943,NA,NA,NA,NA,0,0,0,0.1
157,2667,953,3711,-0.46187,NA,NA,NA,NA,0,0,0,0.1
158,1861,1332,3298,-0.1604,NA,NA,NA,NA,0,0,0,0.1
159,24775,16842,44421,-0.17859,NA,NA,NA,NA,0,0,0,0.1
160,10742,3473,14540,-0.49993,NA,NA,NA,NA,0,0,0,0.1
161,2700,179,2934,-0.85924,NA,NA,NA,NA,0,0,0,0.1
162,3155,307,3502,-0.81325,NA,NA,NA,NA,0,0,0,0.1
163,1344,536,1942,-0.41607,NA,NA,NA,NA,0,0,0,0.1
164,3348,869,4356,-0.5691,NA,NA,NA,NA,0,0,0,0.1
165,4608,227,4896,-0.89481,NA,NA,NA,NA,0,0,0,0.1
166,5671,908,6754,-0.70521,NA,NA,NA,NA,0,0,0,0.1
167,3302,2549,6222,-0.12102,NA,NA,NA,NA,0,0,0,0.1
168,4956,972,6081,-0.65516,NA,NA,NA,NA,0,0,0,0.1
169,1270,451,1764,-0.46429,NA,NA,NA,NA,0,0,0,0.1
170,2135,337,2528,-0.71123,NA,NA,NA,NA,0,0,0,0.1
171,2093,213,2342,-0.80273,NA,NA,NA,NA,0,0,0,0.1
172,4292,765,5199,-0.6784,NA,NA,NA,NA,0,0,0,0.1
173,1608,437,2092,-0.55975,NA,NA,NA,NA,0,0,0,0.1
174,2510,444,3010,-0.68638,NA,NA,NA,NA,0,0,0,0.1
175,1168,633,1856,-0.28825,NA,NA,NA,NA,0,0,0,0.1
176,3275,5326,9018,0.22743,0,0.222,0.333,0,NA,NA,NA,NA
177,542,120,681,-0.61968,NA,NA,NA,NA,0,0,0,0.1
178,41,58,101,0.16832,0,0.222,0.333,0,NA,NA,NA,NA
179,65,170,241,0.43568,0,0.222,0.333,0,NA,NA,NA,NA
180,43,98,144,0.38194,0,0.222,0.333,0,NA,NA,NA,NA
181,9,23,33,0.42424,0,0.222,0.333,0,NA,NA,NA,NA
182,10,11,23,0.04348,NA,NA,NA,NA,NA,NA,NA,NA
183,90,60,156,-0.19231,NA,NA,NA,NA,0,0,0,0.1
184,22,7,31,-0.48387,NA,NA,NA,NA,0,0,0,0.1
185,210,1216,1462,0.6881,0,0.222,0.333,0,NA,NA,NA,NA
186,1580,4721,6608,0.47533,0,0.222,0.333,0,NA,NA,NA,NA
187,361,2768,3229,0.74543,0,0.222,0.333,0,NA,NA,NA,NA
188,3213,1469,4846,-0.35988,NA,NA,NA,NA,0,0,0,0.1
189,19803,47707,71424,0.39068,0,0.222,0.333,0,NA,NA,NA,NA
190,4896,12689,18941,0.41144,0,0.222,0.333,0,NA,NA,NA,NA
191,259,902,1197,0.53718,0,0.222,0.333,0,NA,NA,NA,NA
192,315,117,458,-0.43231,NA,NA,NA,NA,0,0,0,0.1
193,1290,5047,6638,0.56598,0,0.222,0.333,0,NA,NA,NA,NA
194,1784,4943,7151,0.44176,0,0.222,0.333,0,NA,NA,NA,NA
195,491,3488,4105,0.73009,0,0.222,0.333,0,NA,NA,NA,NA
196,860,3097,4111,0.54415,0,0.222,0.333,0,NA,NA,NA,NA
197,582,3978,4685,0.72487,0,0.222,0.333,0,NA,NA,NA,NA
198,189,574,795,0.48428,0,0.222,0.333,0,NA,NA,NA,NA
199,357,1238,1660,0.53072,0,0.222,0.333,0,NA,NA,NA,NA
200,431,257,719,-0.242,NA,NA,NA,NA,0,0,0,0.1
201,426,3186,3726,0.74074,0,0.222,0.333,0,NA,NA,NA,NA
202,395,2227,2702,0.67802,0,0.222,0.333,0,NA,NA,NA,NA
203,2447,7957,11055,0.49842,0,0.222,0.333,0,NA,NA,NA,NA
204,778,4653,5625,0.68889,0,0.222,0.333,0,NA,NA,NA,NA
205,3254,9580,13736,0.46054,0,0.222,0.333,0,NA,NA,NA,NA
206,648,3749,4506,0.68819,0,0.222,0.333,0,NA,NA,NA,NA
207,2243,12735,15508,0.67655,0,0.222,0.333,0,NA,NA,NA,NA
208,6676,8536,15809,0.11765,0,0.222,0.333,0,NA,NA,NA,NA
209,181,107,296,-0.25,NA,NA,NA,NA,0,0,0,0.1
210,482,78,563,-0.71758,NA,NA,NA,NA,0,0,0,0.1
211,182,66,249,-0.46586,NA,NA,NA,NA,0,0,0,0.1
212,11,5,17,-0.35294,NA,NA,NA,NA,0,0,0,0.1
213,72,12,84,-0.71429,NA,NA,NA,NA,0,0,0,0.1
214,40,32,73,-0.10959,NA,NA,NA,NA,0,0,0,0.1
215,84,58,145,-0.17931,NA,NA,NA,NA,0,0,0,0.1
216,1207,874,2138,-0.15575,NA,NA,NA,NA,0,0,0,0.1
217,115,48,166,-0.40361,NA,NA,NA,NA,0,0,0,0.1
218,274,146,432,-0.2963,NA,NA,NA,NA,0,0,0,0.1
219,3898,2445,6518,-0.22292,NA,NA,NA,NA,0,0,0,0.1
220,406,252,670,-0.22985,NA,NA,NA,NA,0,0,0,0.1
221,92,73,167,-0.11377,NA,NA,NA,NA,0,0,0,0.1
222,197,155,356,-0.11798,NA,NA,NA,NA,0,0,0,0.1
223,20,8,28,-0.42857,NA,NA,NA,NA,0,0,0,0.1
224,146,161,314,0.04777,NA,NA,NA,NA,NA,NA,NA,NA
225,6601,12101,20219,0.27202,0,0.222,0.333,0,NA,NA,NA,NA
226,1225,662,2024,-0.27816,NA,NA,NA,NA,0,0,0,0.1
227,1153,2752,4260,0.37535,0,0.222,0.333,0,NA,NA,NA,NA
228,860,239,1152,-0.53906,NA,NA,NA,NA,0,0,0,0.1
229,71022,104173,197022,0.16826,0,0.222,0.333,0,NA,NA,NA,NA
230,1048,8897,10513,0.7466,0,0.222,0.333,0,NA,NA,NA,NA
231,2052,8036,10987,0.54464,0,0.222,0.333,0,NA,NA,NA,NA
232,153,993,1229,0.68348,0,0.222,0.333,0,NA,NA,NA,NA
233,835,5089,6184,0.6879,0,0.222,0.333,0,NA,NA,NA,NA
234,634,2131,3023,0.4952,0,0.222,0.333,0,NA,NA,NA,NA
235,983,6888,8200,0.72012,0,0.222,0.333,0,NA,NA,NA,NA
236,431,2178,2804,0.62304,0,0.222,0.333,0,NA,NA,NA,NA
237,7189,19308,28551,0.42447,0,0.222,0.333,0,NA,NA,NA,NA
238,618,4077,4929,0.70177,0,0.222,0.333,0,NA,NA,NA,NA
239,6017,16046,24452,0.41015,0,0.222,0.333,0,NA,NA,NA,NA
240,1043,4095,5410,0.56414,0,0.222,0.333,0,NA,NA,NA,NA
241,534,5136,5973,0.77047,0,0.222,0.333,0,NA,NA,NA,NA
242,2687,12005,15742,0.59192,0,0.222,0.333,0,NA,NA,NA,NA
243,584,1949,2783,0.49048,0,0.222,0.333,0,NA,NA,NA,NA
244,1065,6069,7497,0.66747,0,0.222,0.333,0,NA,NA,NA,NA
245,8033,14229,24869,0.24915,0,0.222,0.333,0,NA,NA,NA,NA
246,668,3344,4321,0.6193,0,0.222,0.333,0,NA,NA,NA,NA
247,2220,8555,11946,0.5303,0,0.222,0.333,0,NA,NA,NA,NA
248,486,2076,2692,0.59064,0,0.222,0.333,0,NA,NA,NA,NA
249,1067,7628,9089,0.72186,0,0.222,0.333,0,NA,NA,NA,NA
250,1426,5606,7609,0.54935,0,0.222,0.333,0,NA,NA,NA,NA
251,773,4277,5338,0.65643,0,0.222,0.333,0,NA,NA,NA,NA
252,1029,7707,9157,0.72928,0,0.222,0.333,0,NA,NA,NA,NA
253,1714,4860,7048,0.44637,0,0.222,0.333,0,NA,NA,NA,NA
254,577,5859,6845,0.77166,0,0.222,0.333,0,NA,NA,NA,NA
255,6517,14635,22553,0.35995,0,0.222,0.333,0,NA,NA,NA,NA
256,46675,82006,141079,0.25043,0,0.222,0.333,0,NA,NA,NA,NA
257,325,966,1392,0.46049,0,0.222,0.333,0,NA,NA,NA,NA
258,9329,22010,33948,0.37354,0,0.222,0.333,0,NA,NA,NA,NA
259,3646,8856,13468,0.38684,0,0.222,0.333,0,NA,NA,NA,NA
260,917,1530,2653,0.23106,0,0.222,0.333,0,NA,NA,NA,NA
261,1339,4065,5836,0.4671,0,0.222,0.333,0,NA,NA,NA,NA
262,914,2730,3871,0.46913,0,0.222,0.333,0,NA,NA,NA,NA
263,4775,9039,15159,0.28129,0,0.222,0.333,0,NA,NA,NA,NA
264,3896,11912,17349,0.46204,0,0.222,0.333,0,NA,NA,NA,NA
265,709,2324,3214,0.50249,0,0.222,0.333,0,NA,NA,NA,NA
266,4625,9711,15491,0.32832,0,0.222,0.333,0,NA,NA,NA,NA
267,760,2367,3353,0.47927,0,0.222,0.333,0,NA,NA,NA,NA
268,74799,129120,222092,0.24459,0,0.222,0.333,0,NA,NA,NA,NA
269,985,4426,5774,0.59595,0,0.222,0.333,0,NA,NA,NA,NA
270,583,2008,2802,0.50857,0,0.222,0.333,0,NA,NA,NA,NA
271,1891,8873,11426,0.61106,0,0.222,0.333,0,NA,NA,NA,NA
272,30682,52115,90413,0.23706,0,0.222,0.333,0,NA,NA,NA,NA
273,924,4780,6017,0.64085,0,0.222,0.333,0,NA,NA,NA,NA
274,642,2693,3550,0.57775,0,0.222,0.333,0,NA,NA,NA,NA
275,4436,10075,15861,0.35553,0,0.222,0.333,0,NA,NA,NA,NA
276,1810,5853,8215,0.49215,0,0.222,0.333,0,NA,NA,NA,NA
277,2631,3124,6073,0.08118,NA,NA,NA,NA,NA,NA,NA,NA
278,2552,2068,4776,-0.10134,NA,NA,NA,NA,0,0,0,0.1
279,3784,6224,10984,0.22214,0,0.222,0.333,0,NA,NA,NA,NA
280,10127,22814,35889,0.35351,0,0.222,0.333,0,NA,NA,NA,NA
281,809,4791,6004,0.66322,0,0.222,0.333,0,NA,NA,NA,NA
282,207642,698505,979252,0.50126,0,0.222,0.333,0,NA,NA,NA,NA
283,1161,10044,11663,0.76164,0,0.222,0.333,0,NA,NA,NA,NA
284,603,1360,2213,0.34207,0,0.222,0.333,0,NA,NA,NA,NA
285,518,2211,2930,0.57782,0,0.222,0.333,0,NA,NA,NA,NA
286,2462,2853,5553,0.07041,NA,NA,NA,NA,NA,NA,NA,NA
287,295,5984,6484,0.87739,0,0.222,0.333,0,NA,NA,NA,NA
288,287,3161,3550,0.80958,0,0.222,0.333,0,NA,NA,NA,NA
289,41733,123720,179912,0.45571,0,0.222,0.333,0,NA,NA,NA,NA
290,222,1904,2269,0.7413,0,0.222,0.333,0,NA,NA,NA,NA
291,4371,14540,20721,0.49076,0,0.222,0.333,0,NA,NA,NA,NA
292,215,1739,2068,0.73694,0,0.222,0.333,0,NA,NA,NA,NA
293,134,3124,3334,0.89682,0,0.222,0.333,0,NA,NA,NA,NA
294,4117,6755,11172,0.23613,0,0.222,0.333,0,NA,NA,NA,NA
295,201,2609,2918,0.82522,0,0.222,0.333,0,NA,NA,NA,NA
296,1770,7737,10277,0.58062,0,0.222,0.333,0,NA,NA,NA,NA
297,826,2217,3325,0.41835,0,0.222,0.333,0,NA,NA,NA,NA
298,276,2810,3340,0.75868,0,0.222,0.333,0,NA,NA,NA,NA
299,268,2384,2777,0.76197,0,0.222,0.333,0,NA,NA,NA,NA
300,2020,14161,16896,0.71857,0,0.222,0.333,0,NA,NA,NA,NA
301,760,5162,6394,0.68846,0,0.222,0.333,0,NA,NA,NA,NA
302,1706,8192,10755,0.60307,0,0.222,0.333,0,NA,NA,NA,NA
303,216,2018,2343,0.7691,0,0.222,0.333,0,NA,NA,NA,NA
304,43,975,1056,0.88258,0,0.222,0.333,0,NA,NA,NA,NA
305,547,6572,7397,0.81452,0,0.222,0.333,0,NA,NA,NA,NA
306,1934,3407,5682,0.25924,0,0.222,0.333,0,NA,NA,NA,NA
307,3016,3620,7117,0.08487,NA,NA,NA,NA,NA,NA,NA,NA
308,893,5184,6428,0.66755,0,0.222,0.333,0,NA,NA,NA,NA
309,2001,11635,14701,0.65533,0,0.222,0.333,0,NA,NA,NA,NA
310,357,2146,2627,0.681,0,0.222,0.333,0,NA,NA,NA,NA
311,652,4221,5107,0.69884,0,0.222,0.333,0,NA,NA,NA,NA
312,345,3572,4111,0.78497,0,0.222,0.333,0,NA,NA,NA,NA
313,522,2049,2775,0.55027,0,0.222,0.333,0,NA,NA,NA,NA
314,757,2054,3043,0.42622,0,0.222,0.333,0,NA,NA,NA,NA
315,254,2380,2784,0.76365,0,0.222,0.333,0,NA,NA,NA,NA
316,17102,17842,36548,0.02025,NA,NA,NA,NA,NA,NA,NA,NA
317,276,1288,1790,0.56536,0,0.222,0.333,0,NA,NA,NA,NA
318,448,2941,3650,0.68301,0,0.222,0.333,0,NA,NA,NA,NA
319,527,1887,2510,0.54183,0,0.222,0.333,0,NA,NA,NA,NA
320,2351,2698,5480,0.06332,NA,NA,NA,NA,NA,NA,NA,NA
321,1190,6061,7716,0.63129,0,0.222,0.333,0,NA,NA,NA,NA
322,1055,4611,6069,0.58593,0,0.222,0.333,0,NA,NA,NA,NA
323,1063,13493,15159,0.81997,0,0.222,0.333,0,NA,NA,NA,NA
324,3969,2715,7602,-0.16496,NA,NA,NA,NA,0,0,0,0.1
325,1790,15702,18180,0.76524,0,0.222,0.333,0,NA,NA,NA,NA
326,532,3890,4696,0.71508,0,0.222,0.333,0,NA,NA,NA,NA
327,1694,12619,15458,0.70675,0,0.222,0.333,0,NA,NA,NA,NA
328,1743,8160,10662,0.60186,0,0.222,0.333,0,NA,NA,NA,NA
329,533,1752,2439,0.49979,0,0.222,0.333,0,NA,NA,NA,NA
330,1375,6000,7943,0.58227,0,0.222,0.333,0,NA,NA,NA,NA
331,25879,109479,145836,0.57325,0,0.222,0.333,0,NA,NA,NA,NA
332,540,3704,4597,0.68827,0,0.222,0.333,0,NA,NA,NA,NA
333,3811,7823,12312,0.32586,0,0.222,0.333,0,NA,NA,NA,NA
334,478,4599,5340,0.77172,0,0.222,0.333,0,NA,NA,NA,NA
335,898,7705,9098,0.74819,0,0.222,0.333,0,NA,NA,NA,NA
336,9435,23846,36573,0.39403,0,0.222,0.333,0,NA,NA,NA,NA
337,501,6110,6893,0.81372,0,0.222,0.333,0,NA,NA,NA,NA
338,168,2074,2329,0.81838,0,0.222,0.333,0,NA,NA,NA,NA
339,628,6949,7814,0.80893,0,0.222,0.333,0,NA,NA,NA,NA
340,764,3881,5039,0.61858,0,0.222,0.333,0,NA,NA,NA,NA
341,9241,9157,19553,-0.0043,NA,NA,NA,NA,NA,NA,NA,NA
342,12072,16146,29938,0.13608,0,0.222,0.333,0,NA,NA,NA,NA
343,239,1515,1902,0.67087,0,0.222,0.333,0,NA,NA,NA,NA
344,5351,17321,24456,0.48945,0,0.222,0.333,0,NA,NA,NA,NA
345,8472,8810,18313,0.01846,NA,NA,NA,NA,NA,NA,NA,NA
346,352,1947,2432,0.65584,0,0.222,0.333,0,NA,NA,NA,NA
347,298,1448,1854,0.62028,0,0.222,0.333,0,NA,NA,NA,NA
348,521,6434,7262,0.81424,0,0.222,0.333,0,NA,NA,NA,NA
349,252,1581,1934,0.68718,0,0.222,0.333,0,NA,NA,NA,NA
350,8582,24691,37414,0.43056,0,0.222,0.333,0,NA,NA,NA,NA
351,325,2659,3125,0.74688,0,0.222,0.333,0,NA,NA,NA,NA
352,1166,8551,10164,0.72658,0,0.222,0.333,0,NA,NA,NA,NA
353,693,6070,7133,0.75382,0,0.222,0.333,0,NA,NA,NA,NA
354,834,5056,6238,0.67682,0,0.222,0.333,0,NA,NA,NA,NA
355,2241,8110,10676,0.54974,0,0.222,0.333,0,NA,NA,NA,NA
356,1229,9877,11846,0.73004,0,0.222,0.333,0,NA,NA,NA,NA
357,647,5232,6098,0.75189,0,0.222,0.333,0,NA,NA,NA,NA
358,2849,4342,7378,0.20236,0,0.222,0.333,0,NA,NA,NA,NA
359,153,1280,1550,0.7271,0,0.222,0.333,0,NA,NA,NA,NA
360,609,5512,6450,0.76016,0,0.222,0.333,0,NA,NA,NA,NA
361,328,2385,2799,0.73491,0,0.222,0.333,0,NA,NA,NA,NA
362,942,5991,7287,0.69288,0,0.222,0.333,0,NA,NA,NA,NA
363,257,1704,2136,0.67743,0,0.222,0.333,0,NA,NA,NA,NA
364,347,5807,6336,0.86174,0,0.222,0.333,0,NA,NA,NA,NA
365,295,2991,3453,0.78077,0,0.222,0.333,0,NA,NA,NA,NA
366,13161,51654,70046,0.54954,0,0.222,0.333,0,NA,NA,NA,NA
367,1468,9827,12012,0.69589,0,0.222,0.333,0,NA,NA,NA,NA
368,1972,2922,5532,0.17173,0,0.222,0.333,0,NA,NA,NA,NA
369,1040,5970,7321,0.67341,0,0.222,0.333,0,NA,NA,NA,NA
370,1933,3387,5529,0.26298,0,0.222,0.333,0,NA,NA,NA,NA
371,3501,9727,14206,0.43827,0,0.222,0.333,0,NA,NA,NA,NA
372,345,3064,3522,0.772,0,0.222,0.333,0,NA,NA,NA,NA
373,448,2370,3003,0.64003,0,0.222,0.333,0,NA,NA,NA,NA
374,1143,7959,9527,0.71544,0,0.222,0.333,0,NA,NA,NA,NA
375,175,1368,1611,0.74053,0,0.222,0.333,0,NA,NA,NA,NA
376,1311,3671,5118,0.46112,0,0.222,0.333,0,NA,NA,NA,NA
377,4258,8124,12865,0.30051,0,0.222,0.333,0,NA,NA,NA,NA
378,166,3850,4114,0.89548,0,0.222,0.333,0,NA,NA,NA,NA
379,1636,2414,4227,0.18405,0,0.222,0.333,0,NA,NA,NA,NA
380,342,2465,3017,0.70368,0,0.222,0.333,0,NA,NA,NA,NA
381,5013,20433,27023,0.57063,0,0.222,0.333,0,NA,NA,NA,NA
382,492,2987,3658,0.68207,0,0.222,0.333,0,NA,NA,NA,NA
383,483,4053,4754,0.75095,0,0.222,0.333,0,NA,NA,NA,NA
384,1693,9029,11396,0.64373,0,0.222,0.333,0,NA,NA,NA,NA
385,562,2857,3587,0.63981,0,0.222,0.333,0,NA,NA,NA,NA
386,5323,24642,32601,0.59259,0,0.222,0.333,0,NA,NA,NA,NA
387,627,5280,6187,0.75206,0,0.222,0.333,0,NA,NA,NA,NA
388,1462,5645,7478,0.55937,0,0.222,0.333,0,NA,NA,NA,NA
389,29397,98075,139099,0.49373,0,0.222,0.333,0,NA,NA,NA,NA
390,360,1976,2449,0.65986,0,0.222,0.333,0,NA,NA,NA,NA
391,291,2305,2750,0.73236,0,0.222,0.333,0,NA,NA,NA,NA
392,727,3616,4583,0.63037,0,0.222,0.333,0,NA,NA,NA,NA
393,3924,17570,23247,0.587,0,0.222,0.333,0,NA,NA,NA,NA
394,364,1546,2083,0.56745,0,0.222,0.333,0,NA,NA,NA,NA
395,414,4713,5338,0.80536,0,0.222,0.333,0,NA,NA,NA,NA
396,383,3590,4203,0.76303,0,0.222,0.333,0,NA,NA,NA,NA
397,6628,16322,25652,0.3779,0,0.222,0.333,0,NA,NA,NA,NA
398,1672,4581,6621,0.43936,0,0.222,0.333,0,NA,NA,NA,NA
399,1410,4280,6139,0.4675,0,0.222,0.333,0,NA,NA,NA,NA
400,1234,2599,4386,0.31122,0,0.222,0.333,0,NA,NA,NA,NA
401,1147,7131,8813,0.679,0,0.222,0.333,0,NA,NA,NA,NA
402,1126,148,1299,-0.75289,NA,NA,NA,NA,0,0,0,0.1
403,1266,708,2076,-0.26879,NA,NA,NA,NA,0,0,0,0.1
404,21476,19443,43518,-0.04672,NA,NA,NA,NA,NA,NA,NA,NA
405,4269,1947,6404,-0.36259,NA,NA,NA,NA,0,0,0,0.1
406,22056,11725,35664,-0.28968,NA,NA,NA,NA,0,0,0,0.1
407,1230,2019,3365,0.23447,0,0.222,0.333,0,NA,NA,NA,NA
408,3866,320,4296,-0.82542,NA,NA,NA,NA,0,0,0,0.1
409,2221,1078,3466,-0.32977,NA,NA,NA,NA,0,0,0,0.1
410,1571,931,2573,-0.24874,NA,NA,NA,NA,0,0,0,0.1
411,1178,1484,2790,0.10968,0,0.222,0.333,0,NA,NA,NA,NA
412,1630,1110,2789,-0.18645,NA,NA,NA,NA,0,0,0,0.1
413,1554,532,2130,-0.47981,NA,NA,NA,NA,0,0,0,0.1
414,784,1097,1964,0.15937,0,0.222,0.333,0,NA,NA,NA,NA
415,1760,500,2305,-0.54664,NA,NA,NA,NA,0,0,0,0.1
416,877,980,1931,0.05334,NA,NA,NA,NA,NA,NA,NA,NA
417,2161,1627,4002,-0.13343,NA,NA,NA,NA,0,0,0,0.1
418,825,2118,3125,0.41376,0,0.222,0.333,0,NA,NA,NA,NA
419,2577,166,2763,-0.8726,NA,NA,NA,NA,0,0,0,0.1
420,4574,3135,8147,-0.17663,NA,NA,NA,NA,0,0,0,0.1
421,389,393,803,0.00498,NA,NA,NA,NA,NA,NA,NA,NA
422,1283,1673,3077,0.12675,0,0.222,0.333,0,NA,NA,NA,NA
423,1371,649,2060,-0.35049,NA,NA,NA,NA,0,0,0,0.1
424,1208,1951,3202,0.23204,0,0.222,0.333,0,NA,NA,NA,NA
425,2225,570,2900,-0.57069,NA,NA,NA,NA,0,0,0,0.1
426,746,1277,2128,0.24953,0,0.222,0.333,0,NA,NA,NA,NA
427,1281,436,1759,-0.48039,NA,NA,NA,NA,0,0,0,0.1
428,653,779,1495,0.08428,NA,NA,NA,NA,NA,NA,NA,NA
429,1642,1397,3158,-0.07758,NA,NA,NA,NA,NA,NA,NA,NA
430,600,527,1213,-0.06018,NA,NA,NA,NA,NA,NA,NA,NA
431,771,180,980,-0.60306,NA,NA,NA,NA,0,0,0,0.1
432,2329,3078,5719,0.13097,0,0.222,0.333,0,NA,NA,NA,NA
433,1325,1549,2988,0.07497,NA,NA,NA,NA,NA,NA,NA,NA
434,886,1244,2238,0.15996,0,0.222,0.333,0,NA,NA,NA,NA
435,22406,25074,49186,0.05424,NA,NA,NA,NA,NA,NA,NA,NA
436,69875,89531,164038,0.11983,0,0.222,0.333,0,NA,NA,NA,NA
437,4837,8863,13978,0.28802,0,0.222,0.333,0,NA,NA,NA,NA
438,4233,3542,8005,-0.08632,NA,NA,NA,NA,NA,NA,NA,NA
439,3602,3470,7184,-0.01837,NA,NA,NA,NA,NA,NA,NA,NA
440,20832,18214,40036,-0.06539,NA,NA,NA,NA,NA,NA,NA,NA
441,3205,3454,6737,0.03696,NA,NA,NA,NA,NA,NA,NA,NA
442,7106,14125,21666,0.32396,0,0.222,0.333,0,NA,NA,NA,NA
443,14832,8869,24196,-0.24645,NA,NA,NA,NA,0,0,0,0.1
444,3721,4073,7929,0.04439,NA,NA,NA,NA,NA,NA,NA,NA
445,3445,2179,5830,-0.21715,NA,NA,NA,NA,0,0,0,0.1
446,21788,21661,44214,-0.00287,NA,NA,NA,NA,NA,NA,NA,NA
447,2877,4328,7349,0.19744,0,0.222,0.333,0,NA,NA,NA,NA
448,3355,4254,7726,0.11636,0,0.222,0.333,0,NA,NA,NA,NA
449,3745,4247,8150,0.0616,NA,NA,NA,NA,NA,NA,NA,NA
450,12688,12043,25457,-0.02534,NA,NA,NA,NA,NA,NA,NA,NA
451,5400,6845,12497,0.11563,0,0.222,0.333,0,NA,NA,NA,NA
452,3945,4483,8547,0.06295,NA,NA,NA,NA,NA,NA,NA,NA
453,2447,4488,7072,0.2886,0,0.222,0.333,0,NA,NA,NA,NA
454,20420,19457,40705,-0.02366,NA,NA,NA,NA,NA,NA,NA,NA
455,7393,7397,15075,0.00027,NA,NA,NA,NA,NA,NA,NA,NA
456,5079,6402,11704,0.11304,0,0.222,0.333,0,NA,NA,NA,NA
457,7561,3958,11745,-0.30677,NA,NA,NA,NA,0,0,0,0.1
458,3713,5185,9079,0.16213,0,0.222,0.333,0,NA,NA,NA,NA
459,2500,1042,3627,-0.40199,NA,NA,NA,NA,0,0,0,0.1
460,9266,8983,18532,-0.01527,NA,NA,NA,NA,NA,NA,NA,NA
461,5295,7033,12563,0.13834,0,0.222,0.333,0,NA,NA,NA,NA
462,4567,7125,11978,0.21356,0,0.222,0.333,0,NA,NA,NA,NA
463,19913,8606,29328,-0.38554,NA,NA,NA,NA,0,0,0,0.1
464,9291,3380,13110,-0.45088,NA,NA,NA,NA,0,0,0,0.1
465,12665,13446,26828,0.02911,NA,NA,NA,NA,NA,NA,NA,NA
466,242474,192265,448947,-0.11184,NA,NA,NA,NA,0,0,0,0.1
467,14573,8515,23687,-0.25575,NA,NA,NA,NA,0,0,0,0.1
468,2275,5769,8198,0.4262,0,0.222,0.333,0,NA,NA,NA,NA
469,1354,3789,5234,0.46523,0,0.222,0.333,0,NA,NA,NA,NA
470,9787,5695,15937,-0.25676,NA,NA,NA,NA,0,0,0,0.1
471,3018,5074,8253,0.24912,0,0.222,0.333,0,NA,NA,NA,NA
472,3450,5668,9361,0.23694,0,0.222,0.333,0,NA,NA,NA,NA
473,20302,11660,32749,-0.26389,NA,NA,NA,NA,0,0,0,0.1
474,1417,3941,5492,0.45958,0,0.222,0.333,0,NA,NA,NA,NA
475,6083,3116,9444,-0.31417,NA,NA,NA,NA,0,0,0,0.1
476,1047,1337,2430,0.11934,0,0.222,0.333,0,NA,NA,NA,NA
477,4689,2230,7110,-0.34585,NA,NA,NA,NA,0,0,0,0.1
478,3146,4474,7779,0.17072,0,0.222,0.333,0,NA,NA,NA,NA
479,8920,6838,16203,-0.12849,NA,NA,NA,NA,0,0,0,0.1
480,3287,5643,9150,0.25749,0,0.222,0.333,0,NA,NA,NA,NA
481,6775,4725,11824,-0.17338,NA,NA,NA,NA,0,0,0,0.1
482,18560,14580,34111,-0.11668,NA,NA,NA,NA,0,0,0,0.1
483,1448,3888,5400,0.45185,0,0.222,0.333,0,NA,NA,NA,NA
484,7709,4387,12437,-0.26711,NA,NA,NA,NA,0,0,0,0.1
485,74273,42620,119908,-0.26398,NA,NA,NA,NA,0,0,0,0.1
486,1373,3108,4571,0.37957,0,0.222,0.333,0,NA,NA,NA,NA
487,3029,2188,5334,-0.15767,NA,NA,NA,NA,0,0,0,0.1
488,1986,2119,4237,0.03139,NA,NA,NA,NA,NA,NA,NA,NA
489,177075,130583,316945,-0.14669,NA,NA,NA,NA,0,0,0,0.1
490,1195,7101,8381,0.70469,0,0.222,0.333,0,NA,NA,NA,NA
491,776,1794,2622,0.38825,0,0.222,0.333,0,NA,NA,NA,NA
492,1014,1469,2529,0.17991,0,0.222,0.333,0,NA,NA,NA,NA
493,12111,10665,23481,-0.06158,NA,NA,NA,NA,NA,NA,NA,NA
494,575,2769,3397,0.64586,0,0.222,0.333,0,NA,NA,NA,NA
495,1070,3668,4820,0.539,0,0.222,0.333,0,NA,NA,NA,NA
496,2305,5098,7605,0.36726,0,0.222,0.333,0,NA,NA,NA,NA
497,1698,1518,3323,-0.05417,NA,NA,NA,NA,NA,NA,NA,NA
498,1929,2427,4425,0.11254,0,0.222,0.333,0,NA,NA,NA,NA
499,3487,3446,7042,-0.00582,NA,NA,NA,NA,NA,NA,NA,NA
500,1638,2817,4594,0.25664,0,0.222,0.333,0,NA,NA,NA,NA
501,6074,19296,25914,0.51023,0,0.222,0.333,0,NA,NA,NA,NA
502,1095,2251,3410,0.339,0,0.222,0.333,0,NA,NA,NA,NA
503,853,1792,2674,0.35116,0,0.222,0.333,0,NA,NA,NA,NA
504,2829,5731,8709,0.33322,0,0.222,0.333,0,NA,NA,NA,NA
505,963,3092,4097,0.51965,0,0.222,0.333,0,NA,NA,NA,NA
506,8291,7065,15664,-0.07827,NA,NA,NA,NA,NA,NA,NA,NA
507,854,1917,2829,0.37575,0,0.222,0.333,0,NA,NA,NA,NA
508,6379,8471,15090,0.13863,0,0.222,0.333,0,NA,NA,NA,NA
509,1462,4619,6241,0.50585,0,0.222,0.333,0,NA,NA,NA,NA
510,718,790,1557,0.04624,NA,NA,NA,NA,NA,NA,NA,NA
511,1855,5520,7466,0.49089,0,0.222,0.333,0,NA,NA,NA,NA
512,981,1215,2226,0.10512,0,0.222,0.333,0,NA,NA,NA,NA
513,997,2142,3207,0.35703,0,0.222,0.333,0,NA,NA,NA,NA
514,1768,1374,3192,-0.12343,NA,NA,NA,NA,0,0,0,0.1
515,2152,4802,7083,0.37414,0,0.222,0.333,0,NA,NA,NA,NA
516,3436,6770,10389,0.32092,0,0.222,0.333,0,NA,NA,NA,NA
517,727,1955,2739,0.44834,0,0.222,0.333,0,NA,NA,NA,NA
518,4361,10097,14795,0.3877,0,0.222,0.333,0,NA,NA,NA,NA
519,1869,3070,5017,0.23939,0,0.222,0.333,0,NA,NA,NA,NA
520,3326,5036,8647,0.19776,0,0.222,0.333,0,NA,NA,NA,NA
521,2427,2223,4737,-0.04307,NA,NA,NA,NA,NA,NA,NA,NA
522,3184,2741,6070,-0.07298,NA,NA,NA,NA,NA,NA,NA,NA
523,1825,9174,11502,0.63893,0,0.222,0.333,0,NA,NA,NA,NA
524,1560,3910,5659,0.41527,0,0.222,0.333,0,NA,NA,NA,NA
525,2741,1121,3926,-0.41263,NA,NA,NA,NA,0,0,0,0.1
526,1545,3103,4737,0.3289,0,0.222,0.333,0,NA,NA,NA,NA
527,1010,4002,5098,0.5869,0,0.222,0.333,0,NA,NA,NA,NA
528,15272,11559,27664,-0.13422,NA,NA,NA,NA,0,0,0,0.1
529,3800,3185,7133,-0.08622,NA,NA,NA,NA,NA,NA,NA,NA
530,2057,4998,7240,0.40622,0,0.222,0.333,0,NA,NA,NA,NA
531,3162,1190,4441,-0.44404,NA,NA,NA,NA,0,0,0,0.1
532,3003,4422,7560,0.1877,0,0.222,0.333,0,NA,NA,NA,NA
533,5950,7296,13553,0.09931,NA,NA,NA,NA,NA,NA,NA,NA
534,3942,6815,10959,0.26216,0,0.222,0.333,0,NA,NA,NA,NA
535,5386,5414,11022,0.00254,NA,NA,NA,NA,NA,NA,NA,NA
536,6082,6458,12982,0.02896,NA,NA,NA,NA,NA,NA,NA,NA
537,5852,4795,10868,-0.09726,NA,NA,NA,NA,NA,NA,NA,NA
538,7883,3990,12128,-0.32099,NA,NA,NA,NA,0,0,0,0.1
539,1549,3504,5208,0.37538,0,0.222,0.333,0,NA,NA,NA,NA
540,423,1254,1802,0.46115,0,0.222,0.333,0,NA,NA,NA,NA
541,1989,3908,6050,0.31719,0,0.222,0.333,0,NA,NA,NA,NA
542,9399,5104,15093,-0.28457,NA,NA,NA,NA,0,0,0,0.1
543,1776,2384,4253,0.14296,0,0.222,0.333,0,NA,NA,NA,NA
544,2920,4323,7570,0.18534,0,0.222,0.333,0,NA,NA,NA,NA
545,1907,4985,7122,0.43218,0,0.222,0.333,0,NA,NA,NA,NA
546,2040,6073,8412,0.47943,0,0.222,0.333,0,NA,NA,NA,NA
547,3997,5599,9994,0.1603,0,0.222,0.333,0,NA,NA,NA,NA
548,2733,4663,7620,0.25328,0,0.222,0.333,0,NA,NA,NA,NA
549,2204,2656,4941,0.09148,NA,NA,NA,NA,NA,NA,NA,NA
550,70305,75641,151675,0.03518,NA,NA,NA,NA,NA,NA,NA,NA
551,9183,11874,21677,0.12414,0,0.222,0.333,0,NA,NA,NA,NA
552,4660,2750,7636,-0.25013,NA,NA,NA,NA,0,0,0,0.1
553,3032,6443,9705,0.35147,0,0.222,0.333,0,NA,NA,NA,NA
554,4129,3156,7480,-0.13008,NA,NA,NA,NA,0,0,0,0.1
555,3263,5839,9550,0.26974,0,0.222,0.333,0,NA,NA,NA,NA
556,10649,27469,39873,0.42184,0,0.222,0.333,0,NA,NA,NA,NA
557,6765,3524,10530,-0.30779,NA,NA,NA,NA,0,0,0,0.1
558,1922,2467,4495,0.12125,0,0.222,0.333,0,NA,NA,NA,NA
559,1732,1984,3812,0.06611,NA,NA,NA,NA,NA,NA,NA,NA
560,8865,5045,14285,-0.26741,NA,NA,NA,NA,0,0,0,0.1
561,4232,2139,6513,-0.32136,NA,NA,NA,NA,0,0,0,0.1
562,1068,959,2066,-0.05276,NA,NA,NA,NA,NA,NA,NA,NA
563,2959,1951,5022,-0.20072,NA,NA,NA,NA,0,0,0,0.1
564,4399,5185,9851,0.07979,NA,NA,NA,NA,NA,NA,NA,NA
565,26943,23368,52118,-0.06859,NA,NA,NA,NA,NA,NA,NA,NA
566,5206,2800,8205,-0.29324,NA,NA,NA,NA,0,0,0,0.1
567,4140,3829,8146,-0.03818,NA,NA,NA,NA,NA,NA,NA,NA
568,5857,11368,17631,0.31257,0,0.222,0.333,0,NA,NA,NA,NA
569,6336,13228,20283,0.33979,0,0.222,0.333,0,NA,NA,NA,NA
570,17985,22360,41511,0.10539,0,0.222,0.333,0,NA,NA,NA,NA
571,5138,6276,11785,0.09656,NA,NA,NA,NA,NA,NA,NA,NA
572,945,2591,3578,0.46003,0,0.222,0.333,0,NA,NA,NA,NA
573,3428,1705,5228,-0.32957,NA,NA,NA,NA,0,0,0,0.1
574,3717,6561,10546,0.26968,0,0.222,0.333,0,NA,NA,NA,NA
575,944,2382,3364,0.42747,0,0.222,0.333,0,NA,NA,NA,NA
576,2263,3513,5863,0.2132,0,0.222,0.333,0,NA,NA,NA,NA
577,1655,2782,4496,0.25067,0,0.222,0.333,0,NA,NA,NA,NA
578,2852,3304,6278,0.072,NA,NA,NA,NA,NA,NA,NA,NA
579,3779,2191,6134,-0.25888,NA,NA,NA,NA,0,0,0,0.1
580,2622,5984,8759,0.38383,0,0.222,0.333,0,NA,NA,NA,NA
581,1900,5327,7344,0.46664,0,0.222,0.333,0,NA,NA,NA,NA
582,1353,3048,4465,0.37962,0,0.222,0.333,0,NA,NA,NA,NA
583,7535,5174,13009,-0.18149,NA,NA,NA,NA,0,0,0,0.1
584,8174,9385,17887,0.0677,NA,NA,NA,NA,NA,NA,NA,NA
585,3068,4831,8066,0.21857,0,0.222,0.333,0,NA,NA,NA,NA
586,1556,1634,3241,0.02407,NA,NA,NA,NA,NA,NA,NA,NA
587,1169,4068,5338,0.54309,0,0.222,0.333,0,NA,NA,NA,NA
588,1475,2310,3862,0.21621,0,0.222,0.333,0,NA,NA,NA,NA
589,3382,4482,7982,0.13781,0,0.222,0.333,0,NA,NA,NA,NA
590,1985,2385,4421,0.09048,NA,NA,NA,NA,NA,NA,NA,NA
591,1859,6136,8138,0.52556,0,0.222,0.333,0,NA,NA,NA,NA
592,1987,1854,3898,-0.03412,NA,NA,NA,NA,NA,NA,NA,NA
593,2853,3180,6196,0.05278,NA,NA,NA,NA,NA,NA,NA,NA
594,1863,2494,4478,0.14091,0,0.222,0.333,0,NA,NA,NA,NA
595,793,2833,3669,0.55601,0,0.222,0.333,0,NA,NA,NA,NA
596,11430,6670,18574,-0.25627,NA,NA,NA,NA,0,0,0,0.1
597,5423,5447,11147,0.00215,NA,NA,NA,NA,NA,NA,NA,NA
598,17422,17383,36036,-0.00108,NA,NA,NA,NA,NA,NA,NA,NA
599,8109,14076,22843,0.26122,0,0.222,0.333,0,NA,NA,NA,NA
600,89465,79716,175966,-0.0554,NA,NA,NA,NA,NA,NA,NA,NA
601,6839,12652,19913,0.29192,0,0.222,0.333,0,NA,NA,NA,NA
602,59595,45591,108140,-0.1295,NA,NA,NA,NA,0,0,0,0.1
603,2342,2229,4679,-0.02415,NA,NA,NA,NA,NA,NA,NA,NA
604,3216,1611,4894,-0.32795,NA,NA,NA,NA,0,0,0,0.1
605,1841,2203,4115,0.08797,NA,NA,NA,NA,NA,NA,NA,NA
606,14582,11710,26883,-0.10683,NA,NA,NA,NA,0,0,0,0.1
607,2830,3210,6179,0.0615,NA,NA,NA,NA,NA,NA,NA,NA
608,927,1485,2436,0.22906,0,0.222,0.333,0,NA,NA,NA,NA
609,2967,1817,4836,-0.2378,NA,NA,NA,NA,0,0,0,0.1
610,2443,6164,8850,0.42045,0,0.222,0.333,0,NA,NA,NA,NA
611,1094,5026,6203,0.63389,0,0.222,0.333,0,NA,NA,NA,NA
612,3303,1789,5190,-0.29171,NA,NA,NA,NA,0,0,0,0.1
613,7225,3591,10956,-0.33169,NA,NA,NA,NA,0,0,0,0.1
614,2972,11041,14231,0.567,0,0.222,0.333,0,NA,NA,NA,NA
615,6195,5060,11403,-0.09954,NA,NA,NA,NA,NA,NA,NA,NA
616,3027,2661,5773,-0.0634,NA,NA,NA,NA,NA,NA,NA,NA
617,9561,8556,18560,-0.05415,NA,NA,NA,NA,NA,NA,NA,NA
618,4040,5260,9407,0.12969,0,0.222,0.333,0,NA,NA,NA,NA
619,4027,2758,6882,-0.18439,NA,NA,NA,NA,0,0,0,0.1
620,8850,10771,20089,0.09562,NA,NA,NA,NA,NA,NA,NA,NA
621,9432,7798,17546,-0.09313,NA,NA,NA,NA,NA,NA,NA,NA
622,4288,4289,8752,0.00011,NA,NA,NA,NA,NA,NA,NA,NA
623,6304,6947,13625,0.04719,NA,NA,NA,NA,NA,NA,NA,NA
624,2658,7200,9986,0.45484,0,0.222,0.333,0,NA,NA,NA,NA
625,7242,4116,11595,-0.2696,NA,NA,NA,NA,0,0,0,0.1
626,4795,5266,10267,0.04588,NA,NA,NA,NA,NA,NA,NA,NA
627,4297,3345,7786,-0.12227,NA,NA,NA,NA,0,0,0,0.1
628,4891,8358,13869,0.24998,0,0.222,0.333,0,NA,NA,NA,NA
629,391,945,1385,0.4,0,0.222,0.333,0,NA,NA,NA,NA
630,5523,28888,36106,0.64712,0,0.222,0.333,0,NA,NA,NA,NA
631,166,1554,1769,0.78462,0,0.222,0.333,0,NA,NA,NA,NA
632,126,1324,1506,0.79548,0,0.222,0.333,0,NA,NA,NA,NA
633,6755,5227,12738,-0.11996,NA,NA,NA,NA,0,0,0,0.1
634,3579,1872,5799,-0.29436,NA,NA,NA,NA,0,0,0,0.1
635,6822,9218,17145,0.13975,0,0.222,0.333,0,NA,NA,NA,NA
636,5957,11508,18427,0.30124,0,0.222,0.333,0,NA,NA,NA,NA
637,47404,28703,81531,-0.22937,NA,NA,NA,NA,0,0,0,0.1
638,184,718,927,0.57605,0,0.222,0.333,0,NA,NA,NA,NA
639,1212,6296,7717,0.65881,0,0.222,0.333,0,NA,NA,NA,NA
640,1101,1530,2784,0.15409,0,0.222,0.333,0,NA,NA,NA,NA
641,1670,2007,3895,0.08652,NA,NA,NA,NA,NA,NA,NA,NA
642,365,394,807,0.03594,NA,NA,NA,NA,NA,NA,NA,NA
643,435,479,980,0.0449,NA,NA,NA,NA,NA,NA,NA,NA
644,501,1984,2592,0.57215,0,0.222,0.333,0,NA,NA,NA,NA
645,782,1319,2184,0.24588,0,0.222,0.333,0,NA,NA,NA,NA
646,188,1037,1264,0.67168,0,0.222,0.333,0,NA,NA,NA,NA
647,568,2081,2701,0.56016,0,0.222,0.333,0,NA,NA,NA,NA
648,196,309,540,0.20926,0,0.222,0.333,0,NA,NA,NA,NA
649,513,1136,1723,0.36158,0,0.222,0.333,0,NA,NA,NA,NA
650,232,980,1262,0.59271,0,0.222,0.333,0,NA,NA,NA,NA
651,993,1113,2224,0.05396,NA,NA,NA,NA,NA,NA,NA,NA
652,320,1227,1611,0.563,0,0.222,0.333,0,NA,NA,NA,NA
653,9321,13505,24206,0.17285,0,0.222,0.333,0,NA,NA,NA,NA
654,448,2678,3218,0.69298,0,0.222,0.333,0,NA,NA,NA,NA
655,398,2368,2838,0.69415,0,0.222,0.333,0,NA,NA,NA,NA
656,758,770,1606,0.00747,NA,NA,NA,NA,NA,NA,NA,NA
657,442,1754,2288,0.57343,0,0.222,0.333,0,NA,NA,NA,NA
658,2604,2124,5024,-0.09554,NA,NA,NA,NA,NA,NA,NA,NA
659,239,1410,1718,0.68161,0,0.222,0.333,0,NA,NA,NA,NA
660,674,618,1374,-0.04076,NA,NA,NA,NA,NA,NA,NA,NA
661,298,1391,1738,0.62888,0,0.222,0.333,0,NA,NA,NA,NA
662,417,1042,1505,0.41528,0,0.222,0.333,0,NA,NA,NA,NA
663,116,724,865,0.70289,0,0.222,0.333,0,NA,NA,NA,NA
664,143,1230,1423,0.76388,0,0.222,0.333,0,NA,NA,NA,NA
665,864,2297,3293,0.43517,0,0.222,0.333,0,NA,NA,NA,NA
666,158,444,616,0.46429,0,0.222,0.333,0,NA,NA,NA,NA
667,5327,13546,20527,0.4004,0,0.222,0.333,0,NA,NA,NA,NA
668,401,2325,2817,0.683,0,0.222,0.333,0,NA,NA,NA,NA
669,715,2324,3145,0.51161,0,0.222,0.333,0,NA,NA,NA,NA
670,1241,1775,3210,0.16636,0,0.222,0.333,0,NA,NA,NA,NA
671,30407,25822,59905,-0.07654,NA,NA,NA,NA,NA,NA,NA,NA
672,411,985,1448,0.39641,0,0.222,0.333,0,NA,NA,NA,NA
673,834,2490,3424,0.48364,0,0.222,0.333,0,NA,NA,NA,NA
674,2786,2971,6067,0.03049,NA,NA,NA,NA,NA,NA,NA,NA
675,339,1151,1540,0.52727,0,0.222,0.333,0,NA,NA,NA,NA
676,711,1523,2281,0.35598,0,0.222,0.333,0,NA,NA,NA,NA
677,138,1392,1563,0.8023,0,0.222,0.333,0,NA,NA,NA,NA
678,1131,804,2021,-0.1618,NA,NA,NA,NA,0,0,0,0.1
679,342,657,1032,0.30523,0,0.222,0.333,0,NA,NA,NA,NA
680,1454,651,2223,-0.36122,NA,NA,NA,NA,0,0,0,0.1
681,98,893,1019,0.78018,0,0.222,0.333,0,NA,NA,NA,NA
682,30581,23538,57765,-0.12193,NA,NA,NA,NA,0,0,0,0.1
683,230,1770,2066,0.7454,0,0.222,0.333,0,NA,NA,NA,NA
684,131,1195,1351,0.78756,0,0.222,0.333,0,NA,NA,NA,NA
685,1454,1406,3034,-0.01582,NA,NA,NA,NA,NA,NA,NA,NA
686,598,1263,1930,0.34456,0,0.222,0.333,0,NA,NA,NA,NA
687,547,1212,1840,0.36141,0,0.222,0.333,0,NA,NA,NA,NA
688,546,1640,2276,0.48067,0,0.222,0.333,0,NA,NA,NA,NA
689,2693,3923,6984,0.17612,0,0.222,0.333,0,NA,NA,NA,NA
690,108,834,960,0.75625,0,0.222,0.333,0,NA,NA,NA,NA
691,1818,2835,4928,0.20637,0,0.222,0.333,0,NA,NA,NA,NA
692,324,1786,2170,0.67373,0,0.222,0.333,0,NA,NA,NA,NA
693,427,808,1282,0.29719,0,0.222,0.333,0,NA,NA,NA,NA
694,1076,1925,3117,0.27238,0,0.222,0.333,0,NA,NA,NA,NA
695,223,1511,1778,0.72441,0,0.222,0.333,0,NA,NA,NA,NA
696,2925,4204,7618,0.16789,0,0.222,0.333,0,NA,NA,NA,NA
697,393,1501,1957,0.56617,0,0.222,0.333,0,NA,NA,NA,NA
698,480,2293,2846,0.63703,0,0.222,0.333,0,NA,NA,NA,NA
699,2270,2065,4576,-0.0448,NA,NA,NA,NA,NA,NA,NA,NA
700,375,2257,2697,0.69781,0,0.222,0.333,0,NA,NA,NA,NA
701,776,1433,2292,0.28665,0,0.222,0.333,0,NA,NA,NA,NA
702,3730,5889,10223,0.21119,0,0.222,0.333,0,NA,NA,NA,NA
703,1961,1075,3178,-0.27879,NA,NA,NA,NA,0,0,0,0.1
704,762,3315,4265,0.59859,0,0.222,0.333,0,NA,NA,NA,NA
705,5830,2352,8542,-0.40716,NA,NA,NA,NA,0,0,0,0.1
706,1123,1350,2619,0.08667,NA,NA,NA,NA,NA,NA,NA,NA
707,772,820,1666,0.02881,NA,NA,NA,NA,NA,NA,NA,NA
708,365,3010,3483,0.7594,0,0.222,0.333,0,NA,NA,NA,NA
709,236,833,1111,0.53735,0,0.222,0.333,0,NA,NA,NA,NA
710,324,1115,1490,0.53087,0,0.222,0.333,0,NA,NA,NA,NA
711,8348,7356,16686,-0.05945,NA,NA,NA,NA,NA,NA,NA,NA
712,167,766,966,0.62008,0,0.222,0.333,0,NA,NA,NA,NA
713,107,768,895,0.73855,0,0.222,0.333,0,NA,NA,NA,NA
714,869,2614,3580,0.48743,0,0.222,0.333,0,NA,NA,NA,NA
715,200,737,977,0.54964,0,0.222,0.333,0,NA,NA,NA,NA
716,1535,748,2396,-0.32846,NA,NA,NA,NA,0,0,0,0.1
717,1710,2890,4815,0.24507,0,0.222,0.333,0,NA,NA,NA,NA
718,880,1822,2867,0.32857,0,0.222,0.333,0,NA,NA,NA,NA
719,319,972,1336,0.48877,0,0.222,0.333,0,NA,NA,NA,NA
720,2010,3639,5896,0.27629,0,0.222,0.333,0,NA,NA,NA,NA
721,1003,1199,2313,0.08474,NA,NA,NA,NA,NA,NA,NA,NA
722,3281,4223,7958,0.11837,0,0.222,0.333,0,NA,NA,NA,NA
723,323,516,898,0.21492,0,0.222,0.333,0,NA,NA,NA,NA
724,506,2127,2731,0.59356,0,0.222,0.333,0,NA,NA,NA,NA
725,328,2094,2509,0.70387,0,0.222,0.333,0,NA,NA,NA,NA
726,175,1845,2054,0.81305,0,0.222,0.333,0,NA,NA,NA,NA
727,347,1080,1514,0.48415,0,0.222,0.333,0,NA,NA,NA,NA
728,412,2735,3256,0.71345,0,0.222,0.333,0,NA,NA,NA,NA
729,1206,2291,3643,0.29783,0,0.222,0.333,0,NA,NA,NA,NA
730,544,936,1588,0.24685,0,0.222,0.333,0,NA,NA,NA,NA
731,1936,3101,5334,0.21841,0,0.222,0.333,0,NA,NA,NA,NA
732,335,1393,1805,0.58615,0,0.222,0.333,0,NA,NA,NA,NA
733,174,1172,1381,0.72266,0,0.222,0.333,0,NA,NA,NA,NA
734,204,383,616,0.29058,0,0.222,0.333,0,NA,NA,NA,NA
735,1291,2363,3819,0.2807,0,0.222,0.333,0,NA,NA,NA,NA
736,1188,3279,4638,0.45084,0,0.222,0.333,0,NA,NA,NA,NA
737,800,748,1637,-0.03177,NA,NA,NA,NA,NA,NA,NA,NA
738,1100,2465,3661,0.37285,0,0.222,0.333,0,NA,NA,NA,NA
739,1279,2101,3516,0.23379,0,0.222,0.333,0,NA,NA,NA,NA
740,223,1295,1571,0.68237,0,0.222,0.333,0,NA,NA,NA,NA
741,1027,2344,3521,0.37404,0,0.222,0.333,0,NA,NA,NA,NA
742,535,1471,2088,0.44828,0,0.222,0.333,0,NA,NA,NA,NA
743,1100,1166,2383,0.0277,NA,NA,NA,NA,NA,NA,NA,NA
744,420,1365,1883,0.50186,0,0.222,0.333,0,NA,NA,NA,NA
745,1401,2041,3600,0.17778,0,0.222,0.333,0,NA,NA,NA,NA
746,2737,2360,5425,-0.06949,NA,NA,NA,NA,NA,NA,NA,NA
747,686,1021,1782,0.18799,0,0.222,0.333,0,NA,NA,NA,NA
748,399,1303,1767,0.5116,0,0.222,0.333,0,NA,NA,NA,NA
749,2010,1948,4178,-0.01484,NA,NA,NA,NA,NA,NA,NA,NA
750,495,1643,2248,0.51068,0,0.222,0.333,0,NA,NA,NA,NA
751,674,1226,2002,0.27572,0,0.222,0.333,0,NA,NA,NA,NA
752,386,1576,2042,0.58276,0,0.222,0.333,0,NA,NA,NA,NA
753,235,545,804,0.38557,0,0.222,0.333,0,NA,NA,NA,NA
754,1275,1471,2931,0.06687,NA,NA,NA,NA,NA,NA,NA,NA
755,2049,2392,4697,0.07303,NA,NA,NA,NA,NA,NA,NA,NA
756,449,579,1081,0.12026,0,0.222,0.333,0,NA,NA,NA,NA
757,222,1535,1784,0.73599,0,0.222,0.333,0,NA,NA,NA,NA
758,1396,924,2476,-0.19063,NA,NA,NA,NA,0,0,0,0.1
759,531,1176,1758,0.36689,0,0.222,0.333,0,NA,NA,NA,NA
760,634,2114,2912,0.50824,0,0.222,0.333,0,NA,NA,NA,NA
761,1524,5550,7331,0.54917,0,0.222,0.333,0,NA,NA,NA,NA
762,1496,4640,6439,0.48827,0,0.222,0.333,0,NA,NA,NA,NA
763,1360,4068,5731,0.47252,0,0.222,0.333,0,NA,NA,NA,NA
764,237,826,1092,0.53938,0,0.222,0.333,0,NA,NA,NA,NA
765,281,1012,1345,0.54349,0,0.222,0.333,0,NA,NA,NA,NA
766,1495,2486,4371,0.22672,0,0.222,0.333,0,NA,NA,NA,NA
767,1209,643,1896,-0.29852,NA,NA,NA,NA,0,0,0,0.1
768,1498,3495,5268,0.37908,0,0.222,0.333,0,NA,NA,NA,NA
769,13650,16810,33256,0.09502,NA,NA,NA,NA,NA,NA,NA,NA
770,601,4589,5355,0.74472,0,0.222,0.333,0,NA,NA,NA,NA
771,2591,5631,8664,0.35088,0,0.222,0.333,0,NA,NA,NA,NA
772,717,2594,3496,0.5369,0,0.222,0.333,0,NA,NA,NA,NA
773,316,1607,1975,0.65367,0,0.222,0.333,0,NA,NA,NA,NA
774,1363,3353,4908,0.40546,0,0.222,0.333,0,NA,NA,NA,NA
775,1518,5451,7326,0.53686,0,0.222,0.333,0,NA,NA,NA,NA
776,2397,6063,9088,0.40339,0,0.222,0.333,0,NA,NA,NA,NA
777,4390,4673,9795,0.02889,NA,NA,NA,NA,NA,NA,NA,NA
778,5801,9081,16019,0.20476,0,0.222,0.333,0,NA,NA,NA,NA
779,588,2198,3007,0.53542,0,0.222,0.333,0,NA,NA,NA,NA
780,3758,8064,12306,0.34991,0,0.222,0.333,0,NA,NA,NA,NA
781,207,2072,2334,0.79906,0,0.222,0.333,0,NA,NA,NA,NA
782,26465,29830,62075,0.05421,NA,NA,NA,NA,NA,NA,NA,NA
783,988,4882,6091,0.6393,0,0.222,0.333,0,NA,NA,NA,NA
784,457,2643,3172,0.68916,0,0.222,0.333,0,NA,NA,NA,NA
785,21581,20107,45441,-0.03244,NA,NA,NA,NA,NA,NA,NA,NA
786,955,1214,2303,0.11246,0,0.222,0.333,0,NA,NA,NA,NA
787,586,1794,2475,0.48808,0,0.222,0.333,0,NA,NA,NA,NA
788,3205,3088,7010,-0.01669,NA,NA,NA,NA,NA,NA,NA,NA
789,925,3810,4968,0.58072,0,0.222,0.333,0,NA,NA,NA,NA
790,239,1417,1720,0.68488,0,0.222,0.333,0,NA,NA,NA,NA
791,1482,1941,3576,0.12836,0,0.222,0.333,0,NA,NA,NA,NA
792,1209,3129,4798,0.40017,0,0.222,0.333,0,NA,NA,NA,NA
793,3243,8533,12654,0.41805,0,0.222,0.333,0,NA,NA,NA,NA
794,2384,4155,7139,0.24807,0,0.222,0.333,0,NA,NA,NA,NA
795,342,654,1039,0.30029,0,0.222,0.333,0,NA,NA,NA,NA
796,754,2291,3328,0.46184,0,0.222,0.333,0,NA,NA,NA,NA
797,540,1806,2465,0.51359,0,0.222,0.333,0,NA,NA,NA,NA
798,526,2227,2867,0.5933,0,0.222,0.333,0,NA,NA,NA,NA
799,234,1514,1783,0.71789,0,0.222,0.333,0,NA,NA,NA,NA
800,267,1009,1308,0.56728,0,0.222,0.333,0,NA,NA,NA,NA
801,542,2217,2881,0.5814,0,0.222,0.333,0,NA,NA,NA,NA
802,6343,6647,14031,0.02167,NA,NA,NA,NA,NA,NA,NA,NA
803,4248,9328,14334,0.3544,0,0.222,0.333,0,NA,NA,NA,NA
804,874,2945,3982,0.52009,0,0.222,0.333,0,NA,NA,NA,NA
805,272,3181,3549,0.81967,0,0.222,0.333,0,NA,NA,NA,NA
806,1719,5946,8065,0.52412,0,0.222,0.333,0,NA,NA,NA,NA
807,644,3375,4316,0.63276,0,0.222,0.333,0,NA,NA,NA,NA
808,449,3005,3599,0.7102,0,0.222,0.333,0,NA,NA,NA,NA
809,18845,20283,43026,0.03342,NA,NA,NA,NA,NA,NA,NA,NA
810,422,2001,2511,0.62883,0,0.222,0.333,0,NA,NA,NA,NA
811,561,3176,3909,0.66897,0,0.222,0.333,0,NA,NA,NA,NA
812,496,750,1286,0.19751,0,0.222,0.333,0,NA,NA,NA,NA
813,2924,3032,6443,0.01676,NA,NA,NA,NA,NA,NA,NA,NA
814,775,2347,3264,0.48162,0,0.222,0.333,0,NA,NA,NA,NA
815,259,1709,2028,0.71499,0,0.222,0.333,0,NA,NA,NA,NA
816,963,2210,3310,0.37674,0,0.222,0.333,0,NA,NA,NA,NA
817,615,1137,1826,0.28587,0,0.222,0.333,0,NA,NA,NA,NA
818,2244,9238,12136,0.5763,0,0.222,0.333,0,NA,NA,NA,NA
819,425,1840,2314,0.6115,0,0.222,0.333,0,NA,NA,NA,NA
820,785,1320,2192,0.24407,0,0.222,0.333,0,NA,NA,NA,NA
821,626,3309,4076,0.65824,0,0.222,0.333,0,NA,NA,NA,NA
822,2386,1865,4434,-0.1175,NA,NA,NA,NA,0,0,0,0.1
823,1637,4286,6308,0.41994,0,0.222,0.333,0,NA,NA,NA,NA
824,245,1169,1443,0.64033,0,0.222,0.333,0,NA,NA,NA,NA
825,249,2417,2733,0.79327,0,0.222,0.333,0,NA,NA,NA,NA
826,1013,2269,3432,0.36597,0,0.222,0.333,0,NA,NA,NA,NA
827,429,2870,3397,0.71858,0,0.222,0.333,0,NA,NA,NA,NA
828,786,3158,4085,0.58066,0,0.222,0.333,0,NA,NA,NA,NA
829,1451,4161,5908,0.4587,0,0.222,0.333,0,NA,NA,NA,NA
830,1649,3283,5197,0.31441,0,0.222,0.333,0,NA,NA,NA,NA
831,1250,2687,4087,0.3516,0,0.222,0.333,0,NA,NA,NA,NA
832,316,1798,2176,0.68107,0,0.222,0.333,0,NA,NA,NA,NA
833,1125,3803,5163,0.51869,0,0.222,0.333,0,NA,NA,NA,NA
834,971,4055,5269,0.58531,0,0.222,0.333,0,NA,NA,NA,NA
835,2146,2720,5341,0.10747,0,0.222,0.333,0,NA,NA,NA,NA
836,2706,7083,10198,0.4292,0,0.222,0.333,0,NA,NA,NA,NA
837,1693,3414,5446,0.31601,0,0.222,0.333,0,NA,NA,NA,NA
838,7192,4922,12999,-0.17463,NA,NA,NA,NA,0,0,0,0.1
839,1810,5935,8375,0.49254,0,0.222,0.333,0,NA,NA,NA,NA
840,3504,2518,6772,-0.1456,NA,NA,NA,NA,0,0,0,0.1
841,326,2038,2477,0.69116,0,0.222,0.333,0,NA,NA,NA,NA
842,961,1978,3099,0.32817,0,0.222,0.333,0,NA,NA,NA,NA
843,671,1511,2383,0.3525,0,0.222,0.333,0,NA,NA,NA,NA
844,3460,6402,10798,0.27246,0,0.222,0.333,0,NA,NA,NA,NA
845,678,2845,3768,0.57511,0,0.222,0.333,0,NA,NA,NA,NA
846,1249,2670,4052,0.35069,0,0.222,0.333,0,NA,NA,NA,NA
847,3276,6549,10711,0.30557,0,0.222,0.333,0,NA,NA,NA,NA
848,717,1395,2184,0.31044,0,0.222,0.333,0,NA,NA,NA,NA
849,373,1137,1565,0.48818,0,0.222,0.333,0,NA,NA,NA,NA
850,1545,5051,6881,0.50952,0,0.222,0.333,0,NA,NA,NA,NA
851,10383,6753,18902,-0.19204,NA,NA,NA,NA,0,0,0,0.1
852,264,1745,2072,0.71477,0,0.222,0.333,0,NA,NA,NA,NA
853,668,3130,3946,0.62392,0,0.222,0.333,0,NA,NA,NA,NA
854,966,2509,3635,0.42448,0,0.222,0.333,0,NA,NA,NA,NA
855,7082,10440,19352,0.17352,0,0.222,0.333,0,NA,NA,NA,NA
856,1212,2639,4072,0.35044,0,0.222,0.333,0,NA,NA,NA,NA
857,295,2453,2831,0.76227,0,0.222,0.333,0,NA,NA,NA,NA
858,645,3185,3942,0.64434,0,0.222,0.333,0,NA,NA,NA,NA
859,447,1600,2146,0.53728,0,0.222,0.333,0,NA,NA,NA,NA
860,189,900,1120,0.63482,0,0.222,0.333,0,NA,NA,NA,NA
861,1561,6710,8736,0.5894,0,0.222,0.333,0,NA,NA,NA,NA
862,2682,10767,14043,0.57573,0,0.222,0.333,0,NA,NA,NA,NA
863,1788,4200,6148,0.39232,0,0.222,0.333,0,NA,NA,NA,NA
864,507,4373,5023,0.76966,0,0.222,0.333,0,NA,NA,NA,NA
865,766,1654,2595,0.3422,0,0.222,0.333,0,NA,NA,NA,NA
866,35602,19727,59784,-0.26554,NA,NA,NA,NA,0,0,0,0.1
867,2116,2949,5411,0.15395,0,0.222,0.333,0,NA,NA,NA,NA
868,47211,251152,317268,0.6428,0,0.222,0.333,0,NA,NA,NA,NA
869,1461,10561,12380,0.73506,0,0.222,0.333,0,NA,NA,NA,NA
870,349,3795,4312,0.79917,0,0.222,0.333,0,NA,NA,NA,NA
871,441,3560,4155,0.75066,0,0.222,0.333,0,NA,NA,NA,NA
872,147,1983,2200,0.83455,0,0.222,0.333,0,NA,NA,NA,NA
873,110,1299,1468,0.80995,0,0.222,0.333,0,NA,NA,NA,NA
874,269,3819,4169,0.85152,0,0.222,0.333,0,NA,NA,NA,NA
875,1197,6522,8172,0.65162,0,0.222,0.333,0,NA,NA,NA,NA
876,366,3464,3985,0.77742,0,0.222,0.333,0,NA,NA,NA,NA
877,273,2133,2526,0.73634,0,0.222,0.333,0,NA,NA,NA,NA
878,1459,9527,11470,0.7034,0,0.222,0.333,0,NA,NA,NA,NA
879,268,2874,3244,0.80333,0,0.222,0.333,0,NA,NA,NA,NA
880,2193,586,2877,-0.55857,NA,NA,NA,NA,0,0,0,0.1
881,121,1796,1962,0.85372,0,0.222,0.333,0,NA,NA,NA,NA
882,272,2275,2658,0.75357,0,0.222,0.333,0,NA,NA,NA,NA
883,874,3724,4766,0.59799,0,0.222,0.333,0,NA,NA,NA,NA
884,674,2058,2825,0.48991,0,0.222,0.333,0,NA,NA,NA,NA
885,6295,32149,40462,0.63897,0,0.222,0.333,0,NA,NA,NA,NA
886,62,2021,2140,0.91542,0,0.222,0.333,0,NA,NA,NA,NA
887,88,1656,1796,0.87305,0,0.222,0.333,0,NA,NA,NA,NA
888,11188,31465,44702,0.4536,0,0.222,0.333,0,NA,NA,NA,NA
889,8641,17268,27986,0.30826,0,0.222,0.333,0,NA,NA,NA,NA
890,173,2489,2782,0.83249,0,0.222,0.333,0,NA,NA,NA,NA
891,527,4907,5570,0.78636,0,0.222,0.333,0,NA,NA,NA,NA
892,169,3098,3337,0.87773,0,0.222,0.333,0,NA,NA,NA,NA
893,370,4302,4851,0.81055,0,0.222,0.333,0,NA,NA,NA,NA
894,3051,207,3357,-0.84718,NA,NA,NA,NA,0,0,0,0.1
895,433,3222,3796,0.73472,0,0.222,0.333,0,NA,NA,NA,NA
896,241,1609,1923,0.71139,0,0.222,0.333,0,NA,NA,NA,NA
897,1028,6719,8148,0.69845,0,0.222,0.333,0,NA,NA,NA,NA
898,107,2618,2801,0.89647,0,0.222,0.333,0,NA,NA,NA,NA
899,80,2087,2218,0.90487,0,0.222,0.333,0,NA,NA,NA,NA
900,4360,34203,40065,0.74486,0,0.222,0.333,0,NA,NA,NA,NA
901,421,4433,5020,0.7992,0,0.222,0.333,0,NA,NA,NA,NA
902,2150,2943,5386,0.14723,0,0.222,0.333,0,NA,NA,NA,NA
903,957,3155,4269,0.51487,0,0.222,0.333,0,NA,NA,NA,NA
904,3189,843,4194,-0.55937,NA,NA,NA,NA,0,0,0,0.1
905,6465,7885,15288,0.09288,NA,NA,NA,NA,NA,NA,NA,NA
906,684,5787,6793,0.75121,0,0.222,0.333,0,NA,NA,NA,NA
907,4399,703,5293,-0.69828,NA,NA,NA,NA,0,0,0,0.1
908,1889050,1449092,3578130,-0.12296,NA,NA,NA,NA,0,0,0,0.1
909,71613,130440,214297,0.27451,0,0.222,0.333,0,NA,NA,NA,NA
910,11476,26978,41605,0.3726,0,0.222,0.333,0,NA,NA,NA,NA
911,705,1781,2633,0.40866,0,0.222,0.333,0,NA,NA,NA,NA
912,554,2242,2952,0.57182,0,0.222,0.333,0,NA,NA,NA,NA
913,2148,5512,8306,0.40501,0,0.222,0.333,0,NA,NA,NA,NA
914,527,2347,3027,0.60126,0,0.222,0.333,0,NA,NA,NA,NA
915,2812,7238,10701,0.41361,0,0.222,0.333,0,NA,NA,NA,NA
916,149,710,886,0.63318,0,0.222,0.333,0,NA,NA,NA,NA
917,1330,1418,2912,0.03022,NA,NA,NA,NA,NA,NA,NA,NA
918,392,1540,2014,0.57001,0,0.222,0.333,0,NA,NA,NA,NA
919,1532,3369,5189,0.35402,0,0.222,0.333,0,NA,NA,NA,NA
920,8234,18512,28535,0.36019,0,0.222,0.333,0,NA,NA,NA,NA
921,1546,5794,7769,0.54679,0,0.222,0.333,0,NA,NA,NA,NA
922,1870,1938,4000,0.017,NA,NA,NA,NA,NA,NA,NA,NA
923,2248,284,2609,-0.75278,NA,NA,NA,NA,0,0,0,0.1
924,1105,2913,4276,0.42283,0,0.222,0.333,0,NA,NA,NA,NA
925,1094,1742,2996,0.21629,0,0.222,0.333,0,NA,NA,NA,NA
926,3021,10088,13803,0.51199,0,0.222,0.333,0,NA,NA,NA,NA
927,742,2419,3294,0.50911,0,0.222,0.333,0,NA,NA,NA,NA
928,1826,2441,4560,0.13487,0,0.222,0.333,0,NA,NA,NA,NA
929,2302,6150,8890,0.43285,0,0.222,0.333,0,NA,NA,NA,NA
930,984,4012,5236,0.5783,0,0.222,0.333,0,NA,NA,NA,NA
931,995,2068,3239,0.33128,0,0.222,0.333,0,NA,NA,NA,NA
932,107,655,800,0.685,0,0.222,0.333,0,NA,NA,NA,NA
933,2105,8239,10932,0.56111,0,0.222,0.333,0,NA,NA,NA,NA
934,2467,3780,6699,0.196,0,0.222,0.333,0,NA,NA,NA,NA
935,1553,1624,3397,0.0209,NA,NA,NA,NA,NA,NA,NA,NA
936,423,1210,1726,0.45597,0,0.222,0.333,0,NA,NA,NA,NA
937,5747,7766,14590,0.13838,0,0.222,0.333,0,NA,NA,NA,NA
938,64099,80327,152522,0.1064,0,0.222,0.333,0,NA,NA,NA,NA
939,2605,7019,10109,0.43664,0,0.222,0.333,0,NA,NA,NA,NA
940,1244,5310,6866,0.59219,0,0.222,0.333,0,NA,NA,NA,NA
941,888,2001,2992,0.37199,0,0.222,0.333,0,NA,NA,NA,NA
942,1349,2660,4136,0.31697,0,0.222,0.333,0,NA,NA,NA,NA
943,3869,6866,11294,0.26536,0,0.222,0.333,0,NA,NA,NA,NA
944,1618,3967,5824,0.40333,0,0.222,0.333,0,NA,NA,NA,NA
945,6129,15889,22974,0.42483,0,0.222,0.333,0,NA,NA,NA,NA
946,687,2110,2872,0.49547,0,0.222,0.333,0,NA,NA,NA,NA
947,597,3944,4693,0.71319,0,0.222,0.333,0,NA,NA,NA,NA
948,444,2528,3104,0.67139,0,0.222,0.333,0,NA,NA,NA,NA
949,3364,7286,11097,0.35343,0,0.222,0.333,0,NA,NA,NA,NA
950,947,4067,5205,0.59942,0,0.222,0.333,0,NA,NA,NA,NA
951,1154,4075,5439,0.53705,0,0.222,0.333,0,NA,NA,NA,NA
952,16860,33680,53011,0.31729,0,0.222,0.333,0,NA,NA,NA,NA
953,3311,5381,9188,0.22529,0,0.222,0.333,0,NA,NA,NA,NA
954,624,4615,5376,0.74237,0,0.222,0.333,0,NA,NA,NA,NA
955,3679,9002,13303,0.40014,0,0.222,0.333,0,NA,NA,NA,NA
956,670,4229,5006,0.71095,0,0.222,0.333,0,NA,NA,NA,NA
957,1429,5533,7172,0.57223,0,0.222,0.333,0,NA,NA,NA,NA
958,1604,4946,6816,0.49032,0,0.222,0.333,0,NA,NA,NA,NA
959,862,3595,4722,0.57878,0,0.222,0.333,0,NA,NA,NA,NA
960,1353,4104,5623,0.48924,0,0.222,0.333,0,NA,NA,NA,NA
961,514,3365,3971,0.71796,0,0.222,0.333,0,NA,NA,NA,NA
962,1572,7355,9272,0.62371,0,0.222,0.333,0,NA,NA,NA,NA
963,1511,1855,3489,0.0986,NA,NA,NA,NA,NA,NA,NA,NA
964,1287,2438,3981,0.28912,0,0.222,0.333,0,NA,NA,NA,NA
965,8235,19932,29694,0.39392,0,0.222,0.333,0,NA,NA,NA,NA
966,387,1585,2032,0.58957,0,0.222,0.333,0,NA,NA,NA,NA
967,514,2948,3576,0.68065,0,0.222,0.333,0,NA,NA,NA,NA
968,4403,8252,13379,0.28769,0,0.222,0.333,0,NA,NA,NA,NA
969,832,1952,2898,0.38647,0,0.222,0.333,0,NA,NA,NA,NA
970,618,1033,1718,0.24156,0,0.222,0.333,0,NA,NA,NA,NA
971,2459,4631,7435,0.29213,0,0.222,0.333,0,NA,NA,NA,NA
972,2362,5056,7764,0.34699,0,0.222,0.333,0,NA,NA,NA,NA
973,882,2861,3913,0.50575,0,0.222,0.333,0,NA,NA,NA,NA
974,1141,10028,11384,0.78066,0,0.222,0.333,0,NA,NA,NA,NA
975,133,675,839,0.64601,0,0.222,0.333,0,NA,NA,NA,NA
976,416,1177,1658,0.45899,0,0.222,0.333,0,NA,NA,NA,NA
977,808,2616,3626,0.49862,0,0.222,0.333,0,NA,NA,NA,NA
978,6317,6816,13951,0.03577,NA,NA,NA,NA,NA,NA,NA,NA
979,912,2867,4014,0.48705,0,0.222,0.333,0,NA,NA,NA,NA
980,60208,33283,98563,-0.27318,NA,NA,NA,NA,0,0,0,0.1
981,564,1665,2363,0.46593,0,0.222,0.333,0,NA,NA,NA,NA
982,97,819,942,0.76645,0,0.222,0.333,0,NA,NA,NA,NA
983,114,1000,1173,0.75533,0,0.222,0.333,0,NA,NA,NA,NA
984,321,2288,2710,0.72583,0,0.222,0.333,0,NA,NA,NA,NA
985,284,1675,2068,0.67263,0,0.222,0.333,0,NA,NA,NA,NA
986,170,983,1196,0.67977,0,0.222,0.333,0,NA,NA,NA,NA
987,390,2299,2872,0.66469,0,0.222,0.333,0,NA,NA,NA,NA
988,1643,3439,5371,0.33439,0,0.222,0.333,0,NA,NA,NA,NA
989,213,1931,2205,0.77914,0,0.222,0.333,0,NA,NA,NA,NA
990,249,922,1276,0.52743,0,0.222,0.333,0,NA,NA,NA,NA
991,639,1072,1824,0.23739,0,0.222,0.333,0,NA,NA,NA,NA
992,4185,8563,13592,0.3221,0,0.222,0.333,0,NA,NA,NA,NA
993,522,2040,2742,0.55361,0,0.222,0.333,0,NA,NA,NA,NA
994,205,1329,1583,0.71004,0,0.222,0.333,0,NA,NA,NA,NA
995,2384,9291,12282,0.56237,0,0.222,0.333,0,NA,NA,NA,NA
996,3570,7371,11610,0.32739,0,0.222,0.333,0,NA,NA,NA,NA
997,741,2833,3774,0.55432,0,0.222,0.333,0,NA,NA,NA,NA
998,285,1060,1401,0.55318,0,0.222,0.333,0,NA,NA,NA,NA
999,9554,14024,25268,0.1769,0,0.222,0.333,0,NA,NA,NA,NA
1000,176,981,1218,0.66092,0,0.222,0.333,0,NA,NA,NA,NA
1001,311,2151,2550,0.72157,0,0.222,0.333,0,NA,NA,NA,NA
1002,204,995,1238,0.63893,0,0.222,0.333,0,NA,NA,NA,NA
1003,3182,8747,12637,0.44037,0,0.222,0.333,0,NA,NA,NA,NA
1004,158,1030,1234,0.70665,0,0.222,0.333,0,NA,NA,NA,NA
1005,243,1227,1586,0.62043,0,0.222,0.333,0,NA,NA,NA,NA
1006,937,2222,3382,0.37995,0,0.222,0.333,0,NA,NA,NA,NA
1007,3978,9697,14499,0.39444,0,0.222,0.333,0,NA,NA,NA,NA
1008,1000,2955,4224,0.46283,0,0.222,0.333,0,NA,NA,NA,NA
1009,548,2199,2875,0.57426,0,0.222,0.333,0,NA,NA,NA,NA
1010,302,1644,2029,0.66141,0,0.222,0.333,0,NA,NA,NA,NA
1011,500,2427,3089,0.62383,0,0.222,0.333,0,NA,NA,NA,NA
1012,777,2111,3032,0.43997,0,0.222,0.333,0,NA,NA,NA,NA
1013,3517,4643,8789,0.12811,0,0.222,0.333,0,NA,NA,NA,NA
1014,29,927,991,0.90616,0,0.222,0.333,0,NA,NA,NA,NA
1015,702,3033,3969,0.5873,0,0.222,0.333,0,NA,NA,NA,NA
1016,899,3230,4321,0.53946,0,0.222,0.333,0,NA,NA,NA,NA
1017,69,702,789,0.80228,0,0.222,0.333,0,NA,NA,NA,NA
1018,486,2465,3052,0.64843,0,0.222,0.333,0,NA,NA,NA,NA
1019,1339,3031,4675,0.36193,0,0.222,0.333,0,NA,NA,NA,NA
1020,322,1585,2041,0.61881,0,0.222,0.333,0,NA,NA,NA,NA
1021,3647,14809,19456,0.5737,0,0.222,0.333,0,NA,NA,NA,NA
1022,903,4335,5626,0.61002,0,0.222,0.333,0,NA,NA,NA,NA
1023,130,980,1146,0.74171,0,0.222,0.333,0,NA,NA,NA,NA
1024,2391,6379,9370,0.42561,0,0.222,0.333,0,NA,NA,NA,NA
1025,444,2594,3154,0.68167,0,0.222,0.333,0,NA,NA,NA,NA
1026,759,3173,4232,0.57042,0,0.222,0.333,0,NA,NA,NA,NA
1027,185,1869,2143,0.78581,0,0.222,0.333,0,NA,NA,NA,NA
1028,325,1890,2291,0.68311,0,0.222,0.333,0,NA,NA,NA,NA
1029,1108,3749,5130,0.51481,0,0.222,0.333,0,NA,NA,NA,NA
1030,278,1535,1919,0.65503,0,0.222,0.333,0,NA,NA,NA,NA
1031,248,551,831,0.36462,0,0.222,0.333,0,NA,NA,NA,NA
1032,225,1215,1494,0.66265,0,0.222,0.333,0,NA,NA,NA,NA
1033,364,1848,2330,0.63691,0,0.222,0.333,0,NA,NA,NA,NA
1034,602,1417,2133,0.38209,0,0.222,0.333,0,NA,NA,NA,NA
1035,2825,3677,6814,0.12504,0,0.222,0.333,0,NA,NA,NA,NA
1036,495,2200,2797,0.60958,0,0.222,0.333,0,NA,NA,NA,NA
1037,5633,6295,12440,0.05322,NA,NA,NA,NA,NA,NA,NA,NA
1038,359,1207,1687,0.50267,0,0.222,0.333,0,NA,NA,NA,NA
1039,408,2078,2597,0.64305,0,0.222,0.333,0,NA,NA,NA,NA
1040,1466,3822,5583,0.422,0,0.222,0.333,0,NA,NA,NA,NA
1041,593,5521,6411,0.76868,0,0.222,0.333,0,NA,NA,NA,NA
1042,113,707,877,0.67731,0,0.222,0.333,0,NA,NA,NA,NA
1043,981,5062,6332,0.6445,0,0.222,0.333,0,NA,NA,NA,NA
1044,186,1030,1262,0.66878,0,0.222,0.333,0,NA,NA,NA,NA
1045,304,1407,1810,0.60939,0,0.222,0.333,0,NA,NA,NA,NA
1046,902,1484,2471,0.23553,0,0.222,0.333,0,NA,NA,NA,NA
1047,187,1278,1514,0.72061,0,0.222,0.333,0,NA,NA,NA,NA
1048,292,1468,1833,0.64157,0,0.222,0.333,0,NA,NA,NA,NA
1049,442,2543,3119,0.67361,0,0.222,0.333,0,NA,NA,NA,NA
1050,381,2134,2624,0.66806,0,0.222,0.333,0,NA,NA,NA,NA
1051,152,924,1136,0.67958,0,0.222,0.333,0,NA,NA,NA,NA
1052,910,1198,2210,0.13032,0,0.222,0.333,0,NA,NA,NA,NA
1053,915,1107,2152,0.08922,NA,NA,NA,NA,NA,NA,NA,NA
1054,342,602,1032,0.25194,0,0.222,0.333,0,NA,NA,NA,NA
1055,639,1001,1719,0.21059,0,0.222,0.333,0,NA,NA,NA,NA
1056,23020,41993,69507,0.27297,0,0.222,0.333,0,NA,NA,NA,NA
1057,43082,74349,125484,0.24917,0,0.222,0.333,0,NA,NA,NA,NA
1058,1243,2784,4229,0.36439,0,0.222,0.333,0,NA,NA,NA,NA
1059,479,1228,1802,0.41565,0,0.222,0.333,0,NA,NA,NA,NA
1060,23441,41940,69828,0.26492,0,0.222,0.333,0,NA,NA,NA,NA
1061,107050,168911,295294,0.20949,0,0.222,0.333,0,NA,NA,NA,NA
1062,84019,147764,248600,0.25642,0,0.222,0.333,0,NA,NA,NA,NA
1063,276,1820,2154,0.71681,0,0.222,0.333,0,NA,NA,NA,NA
1064,1292,2509,3991,0.30494,0,0.222,0.333,0,NA,NA,NA,NA
1065,1245,1821,3253,0.17707,0,0.222,0.333,0,NA,NA,NA,NA
1066,645,3117,3880,0.63711,0,0.222,0.333,0,NA,NA,NA,NA
1067,2003,2708,4955,0.14228,0,0.222,0.333,0,NA,NA,NA,NA
1068,909,6639,7701,0.74406,0,0.222,0.333,0,NA,NA,NA,NA
1069,2225,5800,8474,0.42188,0,0.222,0.333,0,NA,NA,NA,NA
1070,1013,3954,5198,0.56579,0,0.222,0.333,0,NA,NA,NA,NA
1071,410,2348,2878,0.67338,0,0.222,0.333,0,NA,NA,NA,NA
1072,4238,13298,18345,0.49387,0,0.222,0.333,0,NA,NA,NA,NA
1073,1653,2106,3924,0.11544,0,0.222,0.333,0,NA,NA,NA,NA
1074,3662,4448,8339,0.09426,NA,NA,NA,NA,NA,NA,NA,NA
1075,600,3180,3857,0.66891,0,0.222,0.333,0,NA,NA,NA,NA
1076,638,2933,3667,0.62585,0,0.222,0.333,0,NA,NA,NA,NA
1077,9834,22549,34502,0.36853,0,0.222,0.333,0,NA,NA,NA,NA
1078,967,1922,3030,0.31518,0,0.222,0.333,0,NA,NA,NA,NA
1079,2811,6680,10009,0.38655,0,0.222,0.333,0,NA,NA,NA,NA
1080,2277,10324,13326,0.60386,0,0.222,0.333,0,NA,NA,NA,NA
1081,2789,10232,13581,0.54805,0,0.222,0.333,0,NA,NA,NA,NA
1082,465,2346,2960,0.63547,0,0.222,0.333,0,NA,NA,NA,NA
1083,1824,2500,4507,0.14999,0,0.222,0.333,0,NA,NA,NA,NA
1084,3170,4170,7724,0.12947,0,0.222,0.333,0,NA,NA,NA,NA
1085,6161,9498,16468,0.20264,0,0.222,0.333,0,NA,NA,NA,NA
1086,4666,9256,15074,0.3045,0,0.222,0.333,0,NA,NA,NA,NA
1087,3155,12556,16508,0.56948,0,0.222,0.333,0,NA,NA,NA,NA
1088,421,1258,1771,0.47261,0,0.222,0.333,0,NA,NA,NA,NA
1089,3120,3768,7135,0.09082,NA,NA,NA,NA,NA,NA,NA,NA
1090,3416,8249,12098,0.39949,0,0.222,0.333,0,NA,NA,NA,NA
1091,941,2882,3981,0.48757,0,0.222,0.333,0,NA,NA,NA,NA
1092,1337,1449,2980,0.03758,NA,NA,NA,NA,NA,NA,NA,NA
1093,2265,6532,9306,0.45852,0,0.222,0.333,0,NA,NA,NA,NA
1094,895,3180,4196,0.54457,0,0.222,0.333,0,NA,NA,NA,NA
1095,4592,5635,10739,0.09712,NA,NA,NA,NA,NA,NA,NA,NA
1096,1150,5503,6935,0.62769,0,0.222,0.333,0,NA,NA,NA,NA
1097,339,1602,2047,0.617,0,0.222,0.333,0,NA,NA,NA,NA
1098,1419,7406,9183,0.65197,0,0.222,0.333,0,NA,NA,NA,NA
1099,1792,4437,6548,0.40394,0,0.222,0.333,0,NA,NA,NA,NA
1100,627,4726,5502,0.745,0,0.222,0.333,0,NA,NA,NA,NA
1101,1054,5372,6659,0.64845,0,0.222,0.333,0,NA,NA,NA,NA
1102,412,2376,2867,0.68504,0,0.222,0.333,0,NA,NA,NA,NA
1103,468,1838,2384,0.57466,0,0.222,0.333,0,NA,NA,NA,NA
1104,332,2498,2908,0.74484,0,0.222,0.333,0,NA,NA,NA,NA
1105,1881,3937,6065,0.33899,0,0.222,0.333,0,NA,NA,NA,NA
1106,531,2989,3628,0.67751,0,0.222,0.333,0,NA,NA,NA,NA
1107,343,2121,2518,0.70612,0,0.222,0.333,0,NA,NA,NA,NA
1108,772,3530,4362,0.63228,0,0.222,0.333,0,NA,NA,NA,NA
1109,1144,2307,3496,0.33267,0,0.222,0.333,0,NA,NA,NA,NA
1110,20322,22192,43465,0.04302,NA,NA,NA,NA,NA,NA,NA,NA
1111,16068,28868,47880,0.26734,0,0.222,0.333,0,NA,NA,NA,NA
1112,83247,55868,148231,-0.1847,NA,NA,NA,NA,0,0,0,0.1
1113,23532,34471,63419,0.17249,0,0.222,0.333,0,NA,NA,NA,NA
1114,2763,8003,11747,0.44607,0,0.222,0.333,0,NA,NA,NA,NA
1115,22851,21246,47848,-0.03354,NA,NA,NA,NA,NA,NA,NA,NA
1116,7540,7656,16357,0.00709,NA,NA,NA,NA,NA,NA,NA,NA
1117,21159,38135,63010,0.26942,0,0.222,0.333,0,NA,NA,NA,NA
1118,1191,3491,4874,0.47189,0,0.222,0.333,0,NA,NA,NA,NA
1119,4007,6709,11505,0.23485,0,0.222,0.333,0,NA,NA,NA,NA
1120,9057,33270,45563,0.53142,0,0.222,0.333,0,NA,NA,NA,NA
1121,7086,21974,31949,0.46599,0,0.222,0.333,0,NA,NA,NA,NA
