"MPIO_CDPMP","depto","provincia","indrur0t1","elsnl_0t1","elsnmr_0t1","clrgst_0t1","clrgwk_0t1","FID_0t1"
"05001","Antioquia","Valle del aburra",0.0184291806071997,0.125,1,0.889,0,282
"05002","Antioquia","Oriente",0.62321400642395,0.875,0,0,1,305
"05004","Antioquia","Occidente",0.694248616695404,0.875,0,0,1,304
"05021","Antioquia","Oriente",0.466394662857056,0.125,1,0.889,0,303
"05030","Antioquia","Suroeste",0.530750632286072,0.875,0,0,1,302
"05031","Antioquia","Nordeste",0.441183269023895,0.125,1,0.889,0,301
"05034","Antioquia","Suroeste",0.531997501850128,0.875,0,0,1,300
"05036","Antioquia","Suroeste",0.623349547386169,0.875,0,0,1,299
"05038","Antioquia","Norte",0.770219445228577,0.875,0,0,1,298
"05040","Antioquia","Nordeste",0.583319664001465,0.875,0,0,1,297
"05042","Antioquia","Occidente",0.375057339668274,0.125,1,0.889,0,296
"05044","Antioquia","Occidente",0.820542097091675,0.875,0,0,1,295
"05045","Antioquia","Urabá",0.186350747942924,0.125,1,0.889,0,404
"05051","Antioquia","Urabá",0.667281091213226,0.875,0,0,1,294
"05055","Antioquia","Oriente",0.55624920129776,0.875,0,0,1,293
"05059","Antioquia","Occidente",0.666082918643951,0.875,0,0,1,292
"05079","Antioquia","Valle del aburra",0.573322534561157,0.875,0,0,1,291
"05086","Antioquia","Norte",0.729499995708466,0.875,0,0,1,290
"05088","Antioquia","Valle del aburra",0.0512786619365215,0.125,1,0.889,0,289
"05091","Antioquia","Suroeste",0.651167273521423,0.875,0,0,1,288
"05093","Antioquia","Suroeste",0.726148545742035,0.875,0,0,1,287
"05101","Antioquia","Suroeste",0.402557611465454,0.125,1,0.889,0,283
"05107","Antioquia","Norte",0.682547569274902,0.875,0,0,1,284
"05113","Antioquia","Occidente",0.761064767837524,0.875,0,0,1,285
"05120","Antioquia","Bajo cauca",0.815319359302521,0.875,0,0,1,286
"05125","Antioquia","Suroeste",0.800289273262024,0.875,0,0,1,351
"05129","Antioquia","Valle del aburra",0.20908360183239,0.125,1,0.889,0,350
"05134","Antioquia","Norte",0.732043921947479,0.875,0,0,1,349
"05138","Antioquia","Occidente",0.673001348972321,0.875,0,0,1,348
"05142","Antioquia","Magdalena medio",0.402226090431213,0.125,1,0.889,0,347
"05145","Antioquia","Suroeste",0.538266897201538,0.875,0,0,1,346
"05147","Antioquia","Urabá",0.311336904764175,0.125,1,0.889,0,345
"05148","Antioquia","Oriente",0.424616277217865,0.125,1,0.889,0,344
"05150","Antioquia","Norte",0.259231150150299,0.125,1,0.889,0,343
"05154","Antioquia","Bajo cauca",0.148991823196411,0.125,1,0.889,0,342
"05172","Antioquia","Urabá",0.180026143789291,0.125,1,0.889,0,341
"05190","Antioquia","Nordeste",0.139130428433418,0.125,1,0.889,0,340
"05197","Antioquia","Oriente",0.592527866363525,0.875,0,0,1,339
"05206","Antioquia","Oriente",0.602251410484314,0.875,0,0,1,338
"05209","Antioquia","Suroeste",0.656219303607941,0.875,0,0,1,337
"05212","Antioquia","Valle del aburra",0.199540346860886,0.125,1,0.889,0,336
"05234","Antioquia","Occidente",0.607620179653168,0.875,0,0,1,398
"05237","Antioquia","Norte",0.360861271619797,0.125,1,0.889,0,335
"05240","Antioquia","Occidente",0.816663920879364,0.875,0,0,1,334
"05250","Antioquia","Bajo cauca",0.367108851671219,0.125,1,0.889,0,333
"05264","Antioquia","Norte",0.494309514760971,0.125,1,0.889,0,332
"05266","Antioquia","Valle del aburra",0.0571645796298981,0.125,1,0.889,0,331
"05282","Antioquia","Suroeste",0.670968532562256,0.875,0,0,1,330
"05284","Antioquia","Occidente",0.583441853523254,0.875,0,0,1,399
"05306","Antioquia","Occidente",0.62824672460556,0.875,0,0,1,329
"05308","Antioquia","Valle del aburra",0.445395082235336,0.125,1,0.889,0,397
"05310","Antioquia","Norte",0.485594183206558,0.125,1,0.889,0,396
"05313","Antioquia","Oriente",0.452307999134064,0.125,1,0.889,0,395
"05315","Antioquia","Norte",0.661128044128418,0.875,0,0,1,394
"05318","Antioquia","Oriente",0.667241156101227,0.875,0,0,1,393
"05321","Antioquia","Oriente",0.351907223463058,0.125,1,0.889,0,392
"05347","Antioquia","Occidente",0.574756920337677,0.875,0,0,1,391
"05353","Antioquia","Suroeste",0.375388562679291,0.125,1,0.889,0,390
"05360","Antioquia","Valle del aburra",0.104161247611046,0.125,1,0.889,0,389
"05361","Antioquia","Norte",0.738716125488281,0.875,0,0,1,400
"05364","Antioquia","Suroeste",0.472447991371155,0.125,1,0.889,0,388
"05368","Antioquia","Suroeste",0.441422283649445,0.125,1,0.889,0,387
"05376","Antioquia","Oriente",0.155172675848007,0.125,1,0.889,0,386
"05380","Antioquia","Valle del aburra",0.147431686520576,0.125,1,0.889,0,1121
"05390","Antioquia","Suroeste",0.129898935556412,0.125,1,0.889,0,385
"05400","Antioquia","Oriente",0.407497078180313,0.125,1,0.889,0,384
"05411","Antioquia","Occidente",0.771041095256805,0.875,0,0,1,383
"05425","Antioquia","Magdalena medio",0.623768389225006,0.875,0,0,1,382
"05440","Antioquia","Oriente",0.315801680088043,0.125,1,0.889,0,381
"05467","Antioquia","Suroeste",0.720658659934998,0.875,0,0,1,380
"05475","Antioquia","Urabá",0.641620874404907,0.875,0,0,1,402
"05480","Antioquia","Urabá",0.636123239994049,0.875,0,0,1,379
"05483","Antioquia","Oriente",0.693095624446869,0.875,0,0,1,378
"05490","Antioquia","Urabá",0.740900158882141,0.875,0,0,1,377
"05495","Antioquia","Bajo cauca",0.489181846380234,0.125,1,0.889,0,376
"05501","Antioquia","Occidente",0.93060439825058,0.875,0,0,1,375
"05541","Antioquia","Oriente",0.47636467218399,0.125,1,0.889,0,374
"05543","Antioquia","Occidente",0.716438174247742,0.875,0,0,1,373
"05576","Antioquia","Suroeste",0.48638042807579,0.125,1,0.889,0,372
"05579","Antioquia","Magdalena medio",0.170193821191788,0.125,1,0.889,0,371
"05585","Antioquia","Magdalena medio",0.695340752601624,0.875,0,0,1,370
"05591","Antioquia","Magdalena medio",0.837939620018005,0.875,0,0,1,369
"05604","Antioquia","Nordeste",0.590638756752014,0.875,0,0,1,368
"05607","Antioquia","Oriente",0.469294875860214,0.125,1,0.889,0,367
"05615","Antioquia","Oriente",0.387243926525116,0.125,1,0.889,0,366
"05628","Antioquia","Occidente",0.672829926013947,0.875,0,0,1,365
"05631","Antioquia","Valle del aburra",0.145359635353088,0.125,1,0.889,0,1120
"05642","Antioquia","Suroeste",0.632051706314087,0.875,0,0,1,364
"05647","Antioquia","Norte",0.606357991695404,0.875,0,0,1,363
"05649","Antioquia","Oriente",0.546870172023773,0.875,0,0,1,362
"05652","Antioquia","Oriente",0.559844195842743,0.875,0,0,1,361
"05656","Antioquia","Occidente",0.563570082187653,0.875,0,0,1,360
"05658","Antioquia","Norte",0.354635208845139,0.125,1,0.889,0,359
"05659","Antioquia","Urabá",0.670332968235016,0.875,0,0,1,358
"05660","Antioquia","Oriente",0.429934591054916,0.125,1,0.889,0,357
"05664","Antioquia","Norte",0.464394718408585,0.125,1,0.889,0,356
"05665","Antioquia","Urabá",0.596081733703613,0.875,0,0,1,355
"05667","Antioquia","Oriente",0.497324496507645,0.125,1,0.889,0,354
"05670","Antioquia","Nordeste",0.698824286460876,0.875,0,0,1,353
"05674","Antioquia","Oriente",0.752681851387024,0.875,0,0,1,352
"05679","Antioquia","Suroeste",0.548872470855713,0.875,0,0,1,328
"05686","Antioquia","Norte",0.452172487974167,0.125,1,0.889,0,327
"05690","Antioquia","Nordeste",0.77343875169754,0.875,0,0,1,326
"05697","Antioquia","Oriente",0.305121123790741,0.125,1,0.889,0,325
"05736","Antioquia","Nordeste",0.204934030771255,0.125,1,0.889,0,324
"05756","Antioquia","Oriente",0.527298271656036,0.875,0,0,1,323
"05761","Antioquia","Occidente",0.566730856895447,0.875,0,0,1,322
"05789","Antioquia","Suroeste",0.554327130317688,0.875,0,0,1,321
"05790","Antioquia","Bajo cauca",0.530596375465393,0.875,0,0,1,320
"05792","Antioquia","Suroeste",0.462483823299408,0.125,1,0.889,0,319
"05809","Antioquia","Suroeste",0.573921084403992,0.875,0,0,1,318
"05819","Antioquia","Norte",0.65952330827713,0.875,0,0,1,317
"05837","Antioquia","Urabá",0.608300149440765,0.875,0,0,1,316
"05842","Antioquia","Occidente",0.693524956703186,0.875,0,0,1,315
"05847","Antioquia","Suroeste",0.471636742353439,0.125,1,0.889,0,401
"05854","Antioquia","Norte",0.736468374729156,0.875,0,0,1,314
"05856","Antioquia","Suroeste",0.439981520175934,0.125,1,0.889,0,313
"05858","Antioquia","Nordeste",0.317950874567032,0.125,1,0.889,0,312
"05861","Antioquia","Suroeste",0.561368703842163,0.875,0,0,1,311
"05873","Antioquia","Urabá",0.658858478069305,0.875,0,0,1,403
"05885","Antioquia","Nordeste",0.528522610664368,0.875,0,0,1,310
"05887","Antioquia","Norte",0.300731778144836,0.125,1,0.889,0,309
"05890","Antioquia","Nordeste",0.69970715045929,0.875,0,0,1,308
"05893","Antioquia","Magdalena medio",0.493697464466095,0.125,1,0.889,0,307
"05895","Antioquia","Bajo cauca",0.546752691268921,0.875,0,0,1,306
"08001","Atlántico","Norte",0.000857982027810067,0.125,1,0.889,0,466
"08078","Atlántico","Centro oriente",0.170754387974739,0.125,1,0.889,0,467
"08137","Atlántico","Sur",0.127540543675423,0.125,1,0.889,0,468
"08141","Atlántico","Sur",0.282880753278732,0.125,1,0.889,0,469
"08296","Atlántico","Norte",0.0748006850481033,0.125,1,0.889,0,470
"08372","Atlántico","Occidental",0.376398861408234,0.125,1,0.889,0,471
"08421","Atlántico","Sur",0.494196981191635,0.125,1,0.889,0,472
"08433","Atlántico","Norte",0.0649360790848732,0.125,1,0.889,0,473
"08436","Atlántico","Sur",0.116569064557552,0.125,1,0.889,0,474
"08520","Atlántico","Centro oriente",0.0416148193180561,0.125,1,0.889,0,475
"08549","Atlántico","Occidental",0.574455201625824,0.875,0,0,1,476
"08558","Atlántico","Centro oriente",0.169588387012482,0.125,1,0.889,0,477
"08560","Atlántico","Centro oriente",0.427541106939316,0.125,1,0.889,0,478
"08573","Atlántico","Norte",0.131150528788567,0.125,1,0.889,0,479
"08606","Atlántico","Sur",0.327938944101334,0.125,1,0.889,0,480
"08634","Atlántico","Centro oriente",0.0493288785219193,0.125,1,0.889,0,481
"08638","Atlántico","Centro oriente",0.257674694061279,0.125,1,0.889,0,482
"08675","Atlántico","Sur",0.146476939320564,0.125,1,0.889,0,483
"08685","Atlántico","Centro oriente",0.0581313483417034,0.125,1,0.889,0,484
"08758","Atlántico","Norte",0.0022433812264353,0.125,1,0.889,0,485
"08770","Atlántico","Sur",0.0587102174758911,0.125,1,0.889,0,486
"08832","Atlántico","Occidental",0.495079696178436,0.125,1,0.889,0,487
"08849","Atlántico","Occidental",0.0698775500059128,0.125,1,0.889,0,488
"11001","Bogotá, D.C.","Bogotá",0.0033950456418097,0.125,1,0.889,0,908
"13001","Bolívar","Dique bolivarense",0.0988237932324409,0.125,1,0.889,0,489
"13006","Bolívar","Mojana",0.768068313598633,0.875,0,0,1,490
"13030","Bolívar","Loba",0.635344505310059,0.875,0,0,1,491
"13042","Bolívar","Magdalena medio bolivarense",0.389545142650604,0.125,1,0.889,0,492
"13052","Bolívar","Dique bolivarense",0.206739276647568,0.125,1,0.889,0,493
"13062","Bolívar","Dique bolivarense",0.428277194499969,0.125,1,0.889,0,494
"13074","Bolívar","Loba",0.614316523075104,0.875,0,0,1,495
"13140","Bolívar","Dique bolivarense",0.434101641178131,0.125,1,0.889,0,496
"13160","Bolívar","Magdalena medio bolivarense",0.451056599617004,0.125,1,0.889,0,497
"13188","Bolívar","Depresión momposina",0.348460048437119,0.125,1,0.889,0,498
"13212","Bolívar","Montes de maría",0.7364661693573,0.875,0,0,1,499
"13222","Bolívar","Dique bolivarense",0.16139480471611,0.125,1,0.889,0,500
"13244","Bolívar","Montes de maría",0.275013893842697,0.125,1,0.889,0,501
"13248","Bolívar","Montes de maría",0.450907826423645,0.125,1,0.889,0,502
"13268","Bolívar","Loba",0.622794389724731,0.875,0,0,1,503
"13300","Bolívar","Depresión momposina",0.742956876754761,0.875,0,0,1,1108
"13430","Bolívar","Mojana",0.307300955057144,0.125,1,0.889,0,1110
"13433","Bolívar","Dique bolivarense",0.624368071556091,0.875,0,0,1,504
"13440","Bolívar","Depresión momposina",0.825728476047516,0.875,0,0,1,505
"13442","Bolívar","Montes de maría",0.556492865085602,0.875,0,0,1,506
"13458","Bolívar","Mojana",0.751296579837799,0.875,0,0,1,507
"13468","Bolívar","Depresión momposina",0.480446428060532,0.125,1,0.889,0,508
"13473","Bolívar","Magdalena medio bolivarense",0.672357261180878,0.875,0,0,1,509
"13490","Bolívar","Magdalena medio bolivarense",0.74880588054657,0.875,0,0,1,510
"13549","Bolívar","Bolivarense",0.846477806568146,0.875,0,0,1,511
"13580","Bolívar","Loba",0.371857792139053,0.125,1,0.889,0,512
"13600","Bolívar","Loba",0.521513521671295,0.875,0,0,1,513
"13620","Bolívar","Dique bolivarense",0.227588772773743,0.125,1,0.889,0,514
"13647","Bolívar","Dique bolivarense",0.313571870326996,0.125,1,0.889,0,515
"13650","Bolívar","Depresión momposina",0.828733265399933,0.875,0,0,1,1109
"13654","Bolívar","Montes de maría",0.133902058005333,0.125,1,0.889,0,516
"13655","Bolívar","Bolivarense",0.741721212863922,0.875,0,0,1,517
"13657","Bolívar","Montes de maría",0.257498502731323,0.125,1,0.889,0,518
"13667","Bolívar","Loba",0.522742629051208,0.875,0,0,1,519
"13670","Bolívar","Magdalena medio bolivarense",0.233946308493614,0.125,1,0.889,0,520
"13673","Bolívar","Dique bolivarense",0.610931813716888,0.875,0,0,1,521
"13683","Bolívar","Dique bolivarense",0.0766588747501373,0.125,1,0.889,0,522
"13688","Bolívar","Magdalena medio bolivarense",0.41144397854805,0.125,1,0.889,0,523
"13744","Bolívar","Magdalena medio bolivarense",0.665212571620941,0.875,0,0,1,524
"13760","Bolívar","Dique bolivarense",0.0183098595589399,0.125,1,0.889,0,525
"13780","Bolívar","Depresión momposina",0.521055817604065,0.875,0,0,1,526
"13810","Bolívar","Bolivarense",0.658053755760193,0.875,0,0,1,527
"13836","Bolívar","Dique bolivarense",0.0748530924320221,0.125,1,0.889,0,528
"13838","Bolívar","Dique bolivarense",0.242333725094795,0.125,1,0.889,0,529
"13873","Bolívar","Dique bolivarense",0.126508817076683,0.125,1,0.889,0,530
"13894","Bolívar","Montes de maría",0.115572392940521,0.125,1,0.889,0,531
"15001","Boyacá","Centro",0.050154160708189,0.125,1,0.889,0,637
"15022","Boyacá","Oriente",0.831937193870544,0.875,0,0,1,638
"15047","Boyacá","Sugamuxi",0.624309003353119,0.875,0,0,1,639
"15051","Boyacá","Ricaurte",0.592179715633392,0.875,0,0,1,640
"15087","Boyacá","Tundama",0.399144500494003,0.125,1,0.889,0,641
"15090","Boyacá","Lengupa",0.745614051818848,0.875,0,0,1,642
"15092","Boyacá","Valderrama",0.833418250083923,0.875,0,0,1,643
"15097","Boyacá","Norte",0.544376373291016,0.875,0,0,1,644
"15104","Boyacá","Marquez",0.850461781024933,0.875,0,0,1,645
"15106","Boyacá","Occidente",0.778434932231903,0.875,0,0,1,646
"15109","Boyacá","Occidente",0.828305721282959,0.875,0,0,1,647
"15114","Boyacá","Tundama",0.613595724105835,0.875,0,0,1,648
"15131","Boyacá","Occidente",0.922048985958099,0.875,0,0,1,649
"15135","Boyacá","Lengupa",0.754245460033417,0.875,0,0,1,650
"15162","Boyacá","Tundama",0.554807424545288,0.875,0,0,1,651
"15172","Boyacá","Neira",0.61639142036438,0.875,0,0,1,652
"15176","Boyacá","Occidente",0.125557497143745,0.125,1,0.889,0,653
"15180","Boyacá","Gutierrez",0.779919862747192,0.875,0,0,1,757
"15183","Boyacá","Valderrama",0.754381597042084,0.875,0,0,1,654
"15185","Boyacá","Ricaurte",0.801372230052948,0.875,0,0,1,655
"15187","Boyacá","Centro",0.831420361995697,0.875,0,0,1,656
"15189","Boyacá","Marquez",0.739590048789978,0.875,0,0,1,657
"15204","Boyacá","Centro",0.900848090648651,0.875,0,0,1,658
"15212","Boyacá","Occidente",0.761812627315521,0.875,0,0,1,659
"15215","Boyacá","Tundama",0.375100076198578,0.125,1,0.889,0,660
"15218","Boyacá","Norte",0.824661433696747,0.875,0,0,1,677
"15223","Boyacá","Gutierrez",0.788545429706573,0.875,0,0,1,758
"15224","Boyacá","Centro",0.608859062194824,0.875,0,0,1,678
"15226","Boyacá","Sugamuxi",0.860400438308716,0.875,0,0,1,679
"15232","Boyacá","Centro",0.929120421409607,0.875,0,0,1,680
"15236","Boyacá","Oriente",0.725292444229126,0.875,0,0,1,681
"15238","Boyacá","Tundama",0.12182691693306,0.125,1,0.889,0,682
"15244","Boyacá","Gutierrez",0.476631075143814,0.125,1,0.889,0,683
"15248","Boyacá","Gutierrez",0.556354105472565,0.875,0,0,1,684
"15272","Boyacá","Sugamuxi",0.625187635421753,0.875,0,0,1,685
"15276","Boyacá","Tundama",0.647274971008301,0.875,0,0,1,686
"15293","Boyacá","Ricaurte",0.800286829471588,0.875,0,0,1,687
"15296","Boyacá","Sugamuxi",0.726391732692719,0.875,0,0,1,688
"15299","Boyacá","Neira",0.310840964317322,0.125,1,0.889,0,689
"15317","Boyacá","Gutierrez",0.665415525436401,0.875,0,0,1,690
"15322","Boyacá","Oriente",0.28675577044487,0.125,1,0.889,0,691
"15325","Boyacá","Oriente",0.671470582485199,0.875,0,0,1,692
"15332","Boyacá","Gutierrez",0.683804631233215,0.875,0,0,1,759
"15362","Boyacá","Sugamuxi",0.404211610555649,0.125,1,0.889,0,693
"15367","Boyacá","Marquez",0.764444470405579,0.875,0,0,1,694
"15368","Boyacá","Valderrama",0.694324254989624,0.875,0,0,1,695
"15377","Boyacá","La libertad",0.680090725421906,0.875,0,0,1,661
"15380","Boyacá","Oriente",0.623651921749115,0.875,0,0,1,662
"15401","Boyacá","Occidente",0.642218232154846,0.875,0,0,1,663
"15403","Boyacá","Norte",0.574191391468048,0.875,0,0,1,664
"15407","Boyacá","Ricaurte",0.510688424110413,0.875,0,0,1,696
"15425","Boyacá","Neira",0.772106111049652,0.875,0,0,1,697
"15442","Boyacá","Occidente",0.867270529270172,0.875,0,0,1,698
"15455","Boyacá","Lengupa",0.404317855834961,0.125,1,0.889,0,699
"15464","Boyacá","Sugamuxi",0.57031923532486,0.875,0,0,1,700
"15466","Boyacá","Sugamuxi",0.4504015147686,0.125,1,0.889,0,701
"15469","Boyacá","Ricaurte",0.488791435956955,0.125,1,0.889,0,702
"15476","Boyacá","Centro",0.866762459278107,0.875,0,0,1,703
"15480","Boyacá","Occidente",0.372804462909698,0.125,1,0.889,0,704
"15491","Boyacá","Sugamuxi",0.685403108596802,0.875,0,0,1,705
"15494","Boyacá","Marquez",0.80609256029129,0.875,0,0,1,706
"15500","Boyacá","Centro",0.858206331729889,0.875,0,0,1,707
"15507","Boyacá","Occidente",0.569842875003815,0.875,0,0,1,708
"15511","Boyacá","Neira",0.78921765089035,0.875,0,0,1,709
"15514","Boyacá","Lengupa",0.587876915931702,0.875,0,0,1,710
"15516","Boyacá","Tundama",0.402981966733932,0.125,1,0.889,0,711
"15518","Boyacá","La libertad",0.59832638502121,0.875,0,0,1,712
"15522","Boyacá","Gutierrez",0.528246939182281,0.875,0,0,1,713
"15531","Boyacá","Occidente",0.711482226848602,0.875,0,0,1,714
"15533","Boyacá","La libertad",0.814500570297241,0.875,0,0,1,715
"15537","Boyacá","Valderrama",0.349358230829239,0.125,1,0.889,0,716
"15542","Boyacá","Sugamuxi",0.672358453273773,0.875,0,0,1,665
"15550","Boyacá","La libertad",0.701077699661255,0.875,0,0,1,666
"15572","Boyacá","Occidente",0.294355541467667,0.125,1,0.889,0,667
"15580","Boyacá","Occidente",0.728778898715973,0.875,0,0,1,668
"15599","Boyacá","Marquez",0.590067744255066,0.875,0,0,1,717
"15600","Boyacá","Ricaurte",0.718547642230988,0.875,0,0,1,718
"15621","Boyacá","Marquez",0.75072705745697,0.875,0,0,1,719
"15632","Boyacá","Occidente",0.928024709224701,0.875,0,0,1,720
"15638","Boyacá","Ricaurte",0.529163599014282,0.875,0,0,1,721
"15646","Boyacá","Centro",0.613345742225647,0.875,0,0,1,722
"15660","Boyacá","Lengupa",0.569664895534515,0.875,0,0,1,723
"15664","Boyacá","Ricaurte",0.803929448127747,0.875,0,0,1,724
"15667","Boyacá","Neira",0.555555582046509,0.875,0,0,1,725
"15673","Boyacá","Norte",0.650960385799408,0.875,0,0,1,726
"15676","Boyacá","Occidente",0.863077461719513,0.875,0,0,1,727
"15681","Boyacá","Occidente",0.887257874011993,0.875,0,0,1,728
"15686","Boyacá","Ricaurte",0.666226029396057,0.875,0,0,1,729
"15690","Boyacá","Neira",0.407979756593704,0.125,1,0.889,0,730
"15693","Boyacá","Tundama",0.39254555106163,0.125,1,0.889,0,731
"15696","Boyacá","Ricaurte",0.679458975791931,0.875,0,0,1,732
"15720","Boyacá","Norte",0.693831622600555,0.875,0,0,1,733
"15723","Boyacá","Norte",0.724703729152679,0.875,0,0,1,734
"15740","Boyacá","Centro",0.834002077579498,0.875,0,0,1,735
"15753","Boyacá","Norte",0.293293625116348,0.125,1,0.889,0,736
"15755","Boyacá","Valderrama",0.804329931735992,0.875,0,0,1,669
"15757","Boyacá","Valderrama",0.466364324092865,0.125,1,0.889,0,670
"15759","Boyacá","Sugamuxi",0.121193066239357,0.125,1,0.889,0,671
"15761","Boyacá","Oriente",0.774914085865021,0.875,0,0,1,672
"15762","Boyacá","Centro",0.839019536972046,0.875,0,0,1,737
"15763","Boyacá","Centro",0.88912034034729,0.875,0,0,1,738
"15764","Boyacá","Centro",0.754618763923645,0.875,0,0,1,739
"15774","Boyacá","Norte",0.777696013450623,0.875,0,0,1,740
"15776","Boyacá","Ricaurte",0.6547931432724,0.875,0,0,1,741
"15778","Boyacá","Oriente",0.827072978019714,0.875,0,0,1,742
"15790","Boyacá","Valderrama",0.723733425140381,0.875,0,0,1,743
"15798","Boyacá","Oriente",0.707348763942719,0.875,0,0,1,744
"15804","Boyacá","Marquez",0.808971405029297,0.875,0,0,1,745
"15806","Boyacá","Sugamuxi",0.672488391399384,0.875,0,0,1,746
"15808","Boyacá","Ricaurte",0.774341702461243,0.875,0,0,1,747
"15810","Boyacá","Norte",0.718025863170624,0.875,0,0,1,748
"15814","Boyacá","Centro",0.51990419626236,0.875,0,0,1,749
"15816","Boyacá","Ricaurte",0.85767012834549,0.875,0,0,1,750
"15820","Boyacá","Sugamuxi",0.708598256111145,0.875,0,0,1,751
"15822","Boyacá","Sugamuxi",0.835103273391724,0.875,0,0,1,752
"15832","Boyacá","Occidente",0.833766222000122,0.875,0,0,1,753
"15835","Boyacá","Marquez",0.661327242851257,0.875,0,0,1,754
"15837","Boyacá","Centro",0.719332218170166,0.875,0,0,1,755
"15839","Boyacá","Tundama",0.917156875133514,0.875,0,0,1,756
"15842","Boyacá","Marquez",0.864674627780914,0.875,0,0,1,673
"15861","Boyacá","Centro",0.850694000720978,0.875,0,0,1,674
"15879","Boyacá","Marquez",0.849841356277466,0.875,0,0,1,675
"15897","Boyacá","Lengupa",0.748757839202881,0.875,0,0,1,676
"17001","Caldas","Centro",0.0671473294496536,0.125,1,0.889,0,229
"17013","Caldas","Norte",0.494720250368118,0.125,1,0.889,0,230
"17042","Caldas","Bajo occidente",0.43887796998024,0.125,1,0.889,0,242
"17050","Caldas","Norte",0.353509515523911,0.125,1,0.889,0,241
"17088","Caldas","Bajo occidente",0.570075035095215,0.875,0,0,1,240
"17174","Caldas","Centro",0.130697667598724,0.125,1,0.889,0,239
"17272","Caldas","Alto occidente",0.661426961421967,0.875,0,0,1,238
"17380","Caldas","Oriente",0.130296915769577,0.125,1,0.889,0,237
"17388","Caldas","Alto occidente",0.641679167747498,0.875,0,0,1,236
"17433","Caldas","Alto oriente",0.429886221885681,0.125,1,0.889,0,235
"17442","Caldas","Alto occidente",0.89153915643692,0.875,0,0,1,234
"17444","Caldas","Alto oriente",0.520724773406982,0.875,0,0,1,233
"17446","Caldas","Alto oriente",0.68431144952774,0.875,0,0,1,232
"17486","Caldas","Centro",0.449961960315704,0.125,1,0.889,0,231
"17495","Caldas","Oriente",0.334606438875198,0.125,1,0.889,0,243
"17513","Caldas","Norte",0.51517128944397,0.875,0,0,1,254
"17524","Caldas","Centro",0.680938601493835,0.875,0,0,1,253
"17541","Caldas","Alto oriente",0.612919449806213,0.875,0,0,1,252
"17614","Caldas","Alto occidente",0.643978357315063,0.875,0,0,1,255
"17616","Caldas","Bajo occidente",0.610078573226929,0.875,0,0,1,251
"17653","Caldas","Norte",0.416499704122543,0.125,1,0.889,0,250
"17662","Caldas","Oriente",0.710374474525452,0.875,0,0,1,249
"17665","Caldas","Bajo occidente",0.73485004901886,0.875,0,0,1,248
"17777","Caldas","Alto occidente",0.528908610343933,0.875,0,0,1,247
"17867","Caldas","Oriente",0.577040493488312,0.875,0,0,1,246
"17873","Caldas","Centro",0.135463714599609,0.125,1,0.889,0,245
"17877","Caldas","Bajo occidente",0.15933720767498,0.125,1,0.889,0,244
"18001","Caquetá","Caquetá",0.121220581233501,0.125,1,0.889,0,0
"18029","Caquetá","Caquetá",0.559358298778534,0.875,0,0,1,1
"18094","Caquetá","Caquetá",0.387260675430298,0.125,1,0.889,0,2
"18150","Caquetá","Caquetá",0.492285937070847,0.125,1,0.889,0,10
"18205","Caquetá","Caquetá",0.307124972343445,0.125,1,0.889,0,14
"18247","Caquetá","Caquetá",0.299160361289978,0.125,1,0.889,0,3
"18256","Caquetá","Caquetá",0.508871138095856,0.875,0,0,1,4
"18410","Caquetá","Caquetá",0.83233654499054,0.875,0,0,1,5
"18460","Caquetá","Caquetá",0.897048234939575,0.875,0,0,1,6
"18479","Caquetá","Caquetá",0.457274198532104,0.125,1,0.889,0,7
"18592","Caquetá","Caquetá",0.454538583755493,0.125,1,0.889,0,15
"18610","Caquetá","Caquetá",0.508322238922119,0.875,0,0,1,8
"18753","Caquetá","Caquetá",0.538003504276276,0.875,0,0,1,11
"18756","Caquetá","Caquetá",0.751917243003845,0.875,0,0,1,12
"18785","Caquetá","Caquetá",0.409266412258148,0.125,1,0.889,0,13
"18860","Caquetá","Caquetá",0.660810232162476,0.875,0,0,1,9
"19001","Cauca","Centro",0.161913350224495,0.125,1,0.889,0,16
"19022","Cauca","Sur",0.927042126655579,0.875,0,0,1,17
"19050","Cauca","Sur",0.896725833415985,0.875,0,0,1,18
"19075","Cauca","Sur",0.744504451751709,0.875,0,0,1,19
"19100","Cauca","Sur",0.868061423301697,0.875,0,0,1,20
"19110","Cauca","Norte",0.961254596710205,0.875,0,0,1,21
"19130","Cauca","Centro",0.947588920593262,0.875,0,0,1,22
"19137","Cauca","Oriente",0.945576548576355,0.875,0,0,1,23
"19142","Cauca","Norte",0.824492216110229,0.875,0,0,1,24
"19212","Cauca","Norte",0.490627229213715,0.125,1,0.889,0,25
"19256","Cauca","Centro",0.944276392459869,0.875,0,0,1,53
"19290","Cauca","Sur",0.764705896377563,0.875,0,0,1,26
"19300","Cauca","Sur",0.670581042766571,0.875,0,0,1,27
"19318","Cauca","Occidente",0.49550986289978,0.125,1,0.889,0,54
"19355","Cauca","Oriente",0.954707562923431,0.875,0,0,1,28
"19364","Cauca","Oriente",0.893783986568451,0.875,0,0,1,29
"19392","Cauca","Centro",0.830495834350586,0.875,0,0,1,30
"19397","Cauca","Sur",0.95755273103714,0.875,0,0,1,31
"19418","Cauca","Occidente",0.89908504486084,0.875,0,0,1,55
"19450","Cauca","Sur",0.737614572048187,0.875,0,0,1,32
"19455","Cauca","Norte",0.428252547979355,0.125,1,0.889,0,33
"19473","Cauca","Centro",0.936351001262665,0.875,0,0,1,34
"19513","Cauca","Norte",0.549360990524292,0.875,0,0,1,35
"19517","Cauca","Oriente",0.935096979141235,0.875,0,0,1,36
"19532","Cauca","Sur",0.626004099845886,0.875,0,0,1,37
"19533","Cauca","Sur",0.7606400847435,0.875,0,0,1,38
"19548","Cauca","Centro",0.650374829769135,0.875,0,0,1,39
"19573","Cauca","Norte",0.128535389900208,0.125,1,0.889,0,40
"19585","Cauca","Oriente",0.901748478412628,0.875,0,0,1,41
"19622","Cauca","Centro",0.905272305011749,0.875,0,0,1,42
"19693","Cauca","Sur",0.938984274864197,0.875,0,0,1,43
"19698","Cauca","Norte",0.526950061321259,0.875,0,0,1,44
"19701","Cauca","Sur",0.874133706092834,0.875,0,0,1,45
"19743","Cauca","Oriente",0.879690408706665,0.875,0,0,1,46
"19760","Cauca","Centro",0.959035813808441,0.875,0,0,1,47
"19780","Cauca","Norte",0.800025045871735,0.875,0,0,1,48
"19785","Cauca","Sur",0.827906012535095,0.875,0,0,1,49
"19807","Cauca","Centro",0.589560031890869,0.875,0,0,1,50
"19809","Cauca","Occidente",0.75992339849472,0.875,0,0,1,56
"19821","Cauca","Oriente",0.930688858032227,0.875,0,0,1,51
"19824","Cauca","Oriente",0.94629043340683,0.875,0,0,1,52
"19845","Cauca","Norte",0.310539782047272,0.125,1,0.889,0,57
"20001","Cesar","Norte",0.118922613561153,0.125,1,0.889,0,550
"20011","Cesar","Sur",0.125614613294601,0.125,1,0.889,0,556
"20013","Cesar","Norte",0.207526981830597,0.125,1,0.889,0,551
"20032","Cesar","Noroccidental",0.479721665382385,0.125,1,0.889,0,532
"20045","Cesar","Central",0.253944754600525,0.125,1,0.889,0,552
"20060","Cesar","Noroccidental",0.0586177594959736,0.125,1,0.889,0,533
"20175","Cesar","Central",0.598437190055847,0.875,0,0,1,534
"20178","Cesar","Central",0.40145879983902,0.125,1,0.889,0,535
"20228","Cesar","Central",0.293510526418686,0.125,1,0.889,0,536
"20238","Cesar","Noroccidental",0.254981935024261,0.125,1,0.889,0,537
"20250","Cesar","Noroccidental",0.815565824508667,0.875,0,0,1,538
"20295","Cesar","Sur",0.343618512153625,0.125,1,0.889,0,539
"20310","Cesar","Sur",0.677095234394073,0.875,0,0,1,540
"20383","Cesar","Sur",0.648163259029388,0.875,0,0,1,541
"20400","Cesar","Central",0.239908397197723,0.125,1,0.889,0,542
"20443","Cesar","Norte",0.165024384856224,0.125,1,0.889,0,543
"20517","Cesar","Central",0.254659056663513,0.125,1,0.889,0,544
"20550","Cesar","Sur",0.305564969778061,0.125,1,0.889,0,545
"20570","Cesar","Norte",0.683193266391754,0.875,0,0,1,554
"20614","Cesar","Sur",0.533230364322662,0.875,0,0,1,546
"20621","Cesar","Norte",0.293130159378052,0.125,1,0.889,0,553
"20710","Cesar","Sur",0.205356806516647,0.125,1,0.889,0,547
"20750","Cesar","Norte",0.447113871574402,0.125,1,0.889,0,548
"20770","Cesar","Sur",0.461273163557053,0.125,1,0.889,0,555
"20787","Cesar","Central",0.604146301746368,0.875,0,0,1,549
"23001","Córdoba","Centro",0.208654910326004,0.125,1,0.889,0,436
"23068","Córdoba","San jorge",0.411812305450439,0.125,1,0.889,0,437
"23079","Córdoba","San jorge",0.632080852985382,0.875,0,0,1,438
"23090","Córdoba","Costanera",0.749886035919189,0.875,0,0,1,439
"23162","Córdoba","Sinú medio",0.440306186676025,0.125,1,0.889,0,440
"23168","Córdoba","Bajo sinú",0.782246589660645,0.875,0,0,1,441
"23182","Córdoba","Sabanas",0.58087944984436,0.875,0,0,1,442
"23189","Córdoba","Sinú medio",0.619723796844482,0.875,0,0,1,443
"23300","Córdoba","Bajo sinú",0.688094139099121,0.875,0,0,1,444
"23350","Córdoba","San jorge",0.23449482023716,0.125,1,0.889,0,445
"23417","Córdoba","Bajo sinú",0.531029164791107,0.875,0,0,1,446
"23419","Córdoba","Costanera",0.798685669898987,0.875,0,0,1,447
"23464","Córdoba","Bajo sinú",0.396375715732574,0.125,1,0.889,0,448
"23466","Córdoba","San jorge",0.245611891150475,0.125,1,0.889,0,463
"23500","Córdoba","Costanera",0.78798645734787,0.875,0,0,1,449
"23555","Córdoba","San jorge",0.357869327068329,0.125,1,0.889,0,450
"23570","Córdoba","San jorge",0.714850664138794,0.875,0,0,1,451
"23574","Córdoba","Costanera",0.822022080421448,0.875,0,0,1,452
"23580","Córdoba","San jorge",0.684283435344696,0.875,0,0,1,464
"23586","Córdoba","Bajo sinú",0.580553293228149,0.875,0,0,1,453
"23660","Córdoba","Sabanas",0.500864028930664,0.875,0,0,1,454
"23670","Córdoba","Sabanas",0.79942399263382,0.875,0,0,1,455
"23672","Córdoba","Costanera",0.527864694595337,0.875,0,0,1,456
"23675","Córdoba","Costanera",0.754343748092651,0.875,0,0,1,457
"23678","Córdoba","Sinú medio",0.828262984752655,0.875,0,0,1,458
"23682","Córdoba","Sinú medio",0.613338351249695,0.875,0,0,1,459
"23686","Córdoba","Sinú medio",0.82435667514801,0.875,0,0,1,460
"23807","Córdoba","Alto sinú",0.542453110218048,0.875,0,0,1,465
"23815","Córdoba","Alto sinú",0.855985999107361,0.875,0,0,1,461
"23855","Córdoba","Alto sinú",0.53958648443222,0.875,0,0,1,462
"25001","Cundinamarca","Alto magdalena",0.22011125087738,0.125,1,0.889,0,867
"25019","Cundinamarca","Gualiva",0.733612895011902,0.875,0,0,1,760
"25035","Cundinamarca","Tequendama",0.600454568862915,0.875,0,0,1,761
"25040","Cundinamarca","Tequendama",0.686812400817871,0.875,0,0,1,762
"25053","Cundinamarca","Sumapaz",0.601657450199127,0.875,0,0,1,763
"25086","Cundinamarca","Magdalena centro",0.797652304172516,0.875,0,0,1,764
"25095","Cundinamarca","Magdalena centro",0.817186892032623,0.875,0,0,1,765
"25099","Cundinamarca","Sabana occidente",0.225259765982628,0.125,1,0.889,0,766
"25120","Cundinamarca","Sumapaz",0.764083027839661,0.875,0,0,1,767
"25123","Cundinamarca","Tequendama",0.647914171218872,0.875,0,0,1,768
"25126","Cundinamarca","Sabana centro",0.342067509889603,0.125,1,0.889,0,769
"25148","Cundinamarca","Bajo magdalena",0.754713952541351,0.875,0,0,1,770
"25151","Cundinamarca","Oriente",0.558336734771729,0.875,0,0,1,771
"25154","Cundinamarca","Ubaté",0.723878622055054,0.875,0,0,1,772
"25168","Cundinamarca","Magdalena centro",0.772357702255249,0.875,0,0,1,773
"25175","Cundinamarca","Sabana centro",0.201783910393715,0.125,1,0.889,0,1113
"25178","Cundinamarca","Oriente",0.715115666389465,0.875,0,0,1,774
"25181","Cundinamarca","Oriente",0.620472609996796,0.875,0,0,1,775
"25183","Cundinamarca","Almeidas",0.48687282204628,0.125,1,0.889,0,776
"25200","Cundinamarca","Sabana centro",0.653192579746246,0.875,0,0,1,777
"25214","Cundinamarca","Sabana occidente",0.37407848238945,0.125,1,0.889,0,778
"25224","Cundinamarca","Ubaté",0.851691603660583,0.875,0,0,1,779
"25245","Cundinamarca","Tequendama",0.57083648443222,0.875,0,0,1,780
"25258","Cundinamarca","Rio negro",0.876735746860504,0.875,0,0,1,781
"25260","Cundinamarca","Sabana occidente",0.140811234712601,0.125,1,0.889,0,1114
"25269","Cundinamarca","Sabana occidente",0.101067833602428,0.125,1,0.889,0,782
"25279","Cundinamarca","Oriente",0.565910220146179,0.875,0,0,1,783
"25281","Cundinamarca","Oriente",0.763658344745636,0.875,0,0,1,784
"25286","Cundinamarca","Sabana occidente",0.0266547873616219,0.125,1,0.889,0,785
"25288","Cundinamarca","Ubaté",0.965742230415344,0.875,0,0,1,786
"25290","Cundinamarca","Sumapaz",0.171670347452164,0.125,1,0.889,0,1117
"25293","Cundinamarca","Guavio",0.651487827301025,0.875,0,0,1,787
"25295","Cundinamarca","Sabana centro",0.339128404855728,0.125,1,0.889,0,788
"25297","Cundinamarca","Guavio",0.597863495349884,0.875,0,0,1,789
"25299","Cundinamarca","Guavio",0.772435903549194,0.875,0,0,1,790
"25307","Cundinamarca","Alto magdalena",0.0553465709090233,0.125,1,0.889,0,1111
"25312","Cundinamarca","Sumapaz",0.743696868419647,0.875,0,0,1,791
"25317","Cundinamarca","Ubaté",0.55378246307373,0.875,0,0,1,792
"25320","Cundinamarca","Bajo magdalena",0.553990304470062,0.875,0,0,1,793
"25322","Cundinamarca","Guavio",0.60118579864502,0.875,0,0,1,794
"25324","Cundinamarca","Alto magdalena",0.577247202396393,0.875,0,0,1,795
"25326","Cundinamarca","Guavio",0.650276660919189,0.875,0,0,1,796
"25328","Cundinamarca","Magdalena centro",0.77092707157135,0.875,0,0,1,797
"25335","Cundinamarca","Oriente",0.684370994567871,0.875,0,0,1,798
"25339","Cundinamarca","Oriente",0.711730182170868,0.875,0,0,1,799
"25368","Cundinamarca","Alto magdalena",0.649276614189148,0.875,0,0,1,800
"25372","Cundinamarca","Guavio",0.856946587562561,0.875,0,0,1,801
"25377","Cundinamarca","Guavio",0.549015641212463,0.875,0,0,1,802
"25386","Cundinamarca","Tequendama",0.484492570161819,0.125,1,0.889,0,803
"25394","Cundinamarca","Rio negro",0.564275920391083,0.875,0,0,1,804
"25398","Cundinamarca","Gualiva",0.826932847499847,0.875,0,0,1,805
"25402","Cundinamarca","Gualiva",0.63422816991806,0.875,0,0,1,806
"25407","Cundinamarca","Ubaté",0.722420632839203,0.875,0,0,1,807
"25426","Cundinamarca","Almeidas",0.741345524787903,0.875,0,0,1,808
"25430","Cundinamarca","Sabana occidente",0.0850214660167694,0.125,1,0.889,0,809
"25436","Cundinamarca","Almeidas",0.735081613063812,0.875,0,0,1,810
"25438","Cundinamarca","Medina",0.488020956516266,0.125,1,0.889,0,811
"25473","Cundinamarca","Sabana occidente",0.0169634688645601,0.125,1,0.889,0,1115
"25483","Cundinamarca","Alto magdalena",0.296613812446594,0.125,1,0.889,0,812
"25486","Cundinamarca","Sabana centro",0.51491916179657,0.875,0,0,1,813
"25488","Cundinamarca","Alto magdalena",0.745632708072662,0.875,0,0,1,814
"25489","Cundinamarca","Gualiva",0.809139013290405,0.875,0,0,1,815
"25491","Cundinamarca","Gualiva",0.685160875320435,0.875,0,0,1,816
"25506","Cundinamarca","Sumapaz",0.71503084897995,0.875,0,0,1,817
"25513","Cundinamarca","Rio negro",0.479211896657944,0.125,1,0.889,0,818
"25518","Cundinamarca","Rio negro",0.878881990909576,0.875,0,0,1,819
"25524","Cundinamarca","Sumapaz",0.779408812522888,0.875,0,0,1,820
"25530","Cundinamarca","Medina",0.585134506225586,0.875,0,0,1,821
"25535","Cundinamarca","Sumapaz",0.696540355682373,0.875,0,0,1,822
"25572","Cundinamarca","Bajo magdalena",0.282857686281204,0.125,1,0.889,0,823
"25580","Cundinamarca","Magdalena centro",0.795912206172943,0.875,0,0,1,824
"25592","Cundinamarca","Gualiva",0.909822165966034,0.875,0,0,1,825
"25594","Cundinamarca","Oriente",0.732255518436432,0.875,0,0,1,826
"25596","Cundinamarca","Tequendama",0.895724058151245,0.875,0,0,1,827
"25599","Cundinamarca","Tequendama",0.5679931640625,0.875,0,0,1,828
"25612","Cundinamarca","Alto magdalena",0.466889202594757,0.125,1,0.889,0,829
"25645","Cundinamarca","Tequendama",0.923588871955872,0.875,0,0,1,830
"25649","Cundinamarca","Sumapaz",0.589018523693085,0.875,0,0,1,831
"25653","Cundinamarca","Rio negro",0.875980198383331,0.875,0,0,1,832
"25658","Cundinamarca","Gualiva",0.592375636100769,0.875,0,0,1,833
"25662","Cundinamarca","Magdalena centro",0.635007917881012,0.875,0,0,1,1118
"25718","Cundinamarca","Gualiva",0.761460185050964,0.875,0,0,1,834
"25736","Cundinamarca","Almeidas",0.700166344642639,0.875,0,0,1,835
"25740","Cundinamarca","Soacha",0.294019281864166,0.125,1,0.889,0,1116
"25743","Cundinamarca","Sumapaz",0.681803464889526,0.875,0,0,1,836
"25745","Cundinamarca","Ubaté",0.423445165157318,0.125,1,0.889,0,837
"25754","Cundinamarca","Soacha",0.00780697353184223,0.125,1,0.889,0,1112
"25758","Cundinamarca","Sabana centro",0.323752999305725,0.125,1,0.889,0,838
"25769","Cundinamarca","Sabana occidente",0.537922263145447,0.875,0,0,1,839
"25772","Cundinamarca","Almeidas",0.562716662883759,0.875,0,0,1,840
"25777","Cundinamarca","Gualiva",0.685181617736816,0.875,0,0,1,841
"25779","Cundinamarca","Ubaté",0.66299968957901,0.875,0,0,1,842
"25781","Cundinamarca","Ubaté",0.67980295419693,0.875,0,0,1,843
"25785","Cundinamarca","Sabana centro",0.708423733711243,0.875,0,0,1,844
"25793","Cundinamarca","Ubaté",0.830172300338745,0.875,0,0,1,845
"25797","Cundinamarca","Tequendama",0.937702536582947,0.875,0,0,1,846
"25799","Cundinamarca","Sabana occidente",0.606838405132294,0.875,0,0,1,847
"25805","Cundinamarca","Sumapaz",0.873356401920319,0.875,0,0,1,848
"25807","Cundinamarca","Almeidas",0.835338830947876,0.875,0,0,1,849
"25815","Cundinamarca","Alto magdalena",0.390594214200974,0.125,1,0.889,0,850
"25817","Cundinamarca","Sabana centro",0.616086602210999,0.875,0,0,1,851
"25823","Cundinamarca","Rio negro",0.837158739566803,0.875,0,0,1,852
"25839","Cundinamarca","Guavio",0.814435660839081,0.875,0,0,1,853
"25841","Cundinamarca","Oriente",0.83737176656723,0.875,0,0,1,854
"25843","Cundinamarca","Ubaté",0.27059543132782,0.125,1,0.889,0,855
"25845","Cundinamarca","Oriente",0.479049682617188,0.125,1,0.889,0,856
"25851","Cundinamarca","Gualiva",0.433349043130875,0.125,1,0.889,0,857
"25862","Cundinamarca","Gualiva",0.822842121124268,0.875,0,0,1,858
"25867","Cundinamarca","Magdalena centro",0.666052103042603,0.875,0,0,1,859
"25871","Cundinamarca","Rio negro",0.653014779090881,0.875,0,0,1,860
"25873","Cundinamarca","Almeidas",0.629196465015411,0.875,0,0,1,861
"25875","Cundinamarca","Gualiva",0.33074089884758,0.125,1,0.889,0,862
"25878","Cundinamarca","Tequendama",0.676137208938599,0.875,0,0,1,863
"25885","Cundinamarca","Rio negro",0.768868684768677,0.875,0,0,1,864
"25898","Cundinamarca","Sabana occidente",0.736424148082733,0.875,0,0,1,865
"25899","Cundinamarca","Sabana centro",0.184438124299049,0.125,1,0.889,0,866
"27001","Chocó","Atrato",0.124677918851376,0.125,1,0.889,0,406
"27006","Chocó","Darien",0.507464826107025,0.875,0,0,1,407
"27025","Chocó","Pacifico sur",0.878335237503052,0.875,0,0,1,408
"27050","Chocó","Atrato",0.528616189956665,0.875,0,0,1,409
"27073","Chocó","Atrato",0.76487147808075,0.875,0,0,1,410
"27075","Chocó","Pacifico norte",0.390299320220947,0.125,1,0.889,0,411
"27077","Chocó","Pacifico sur",0.764963090419769,0.875,0,0,1,412
"27099","Chocó","Atrato",0.904083490371704,0.875,0,0,1,413
"27135","Chocó","San juan",0.534990191459656,0.875,0,0,1,414
"27150","Chocó","Darien",0.876525819301605,0.875,0,0,1,415
"27160","Chocó","San juan",0.410647749900818,0.125,1,0.889,0,416
"27205","Chocó","San juan",0.234304666519165,0.125,1,0.889,0,417
"27245","Chocó","Atrato",0.693640887737274,0.875,0,0,1,418
"27250","Chocó","Pacifico sur",0.914947628974915,0.875,0,0,1,419
"27361","Chocó","San juan",0.275974243879318,0.125,1,0.889,0,420
"27372","Chocó","Pacifico norte",0.624382972717285,0.875,0,0,1,421
"27413","Chocó","Atrato",0.655017375946045,0.875,0,0,1,422
"27425","Chocó","Atrato",0.91154420375824,0.875,0,0,1,423
"27430","Chocó","Pacifico sur",0.847309529781342,0.875,0,0,1,424
"27450","Chocó","San juan",0.752150475978851,0.875,0,0,1,425
"27491","Chocó","San juan",0.617830216884613,0.875,0,0,1,426
"27495","Chocó","Pacifico norte",0.896135091781616,0.875,0,0,1,427
"27580","Chocó","San juan",0.718492746353149,0.875,0,0,1,428
"27600","Chocó","Atrato",0.716488599777222,0.875,0,0,1,429
"27615","Chocó","Darien",0.732473969459534,0.875,0,0,1,405
"27660","Chocó","San juan",0.735041081905365,0.875,0,0,1,430
"27745","Chocó","San juan",0.766225576400757,0.875,0,0,1,431
"27787","Chocó","San juan",0.40297594666481,0.125,1,0.889,0,432
"27800","Chocó","Darien",0.662128508090973,0.875,0,0,1,433
"27810","Chocó","San juan",0.568075120449066,0.875,0,0,1,434
"41001","Huila","Norte",0.0598726347088814,0.125,1,0.889,0,938
"41006","Huila","Sur",0.812706887722015,0.875,0,0,1,974
"41013","Huila","Centro",0.356363624334335,0.125,1,0.889,0,973
"41016","Huila","Norte",0.347089022397995,0.125,1,0.889,0,972
"41020","Huila","Norte",0.519327461719513,0.875,0,0,1,971
"41026","Huila","Centro",0.432748526334763,0.125,1,0.889,0,970
"41078","Huila","Norte",0.523266971111298,0.875,0,0,1,969
"41132","Huila","Norte",0.234824851155281,0.125,1,0.889,0,968
"41206","Huila","Norte",0.697323262691498,0.875,0,0,1,967
"41244","Huila","Sur",0.658275961875916,0.875,0,0,1,966
"41298","Huila","Centro",0.46225580573082,0.125,1,0.889,0,965
"41306","Huila","Centro",0.602733612060547,0.875,0,0,1,939
"41319","Huila","Centro",0.692733347415924,0.875,0,0,1,940
"41349","Huila","Norte",0.226049959659576,0.125,1,0.889,0,941
"41357","Huila","Norte",0.713235318660736,0.875,0,0,1,942
"41359","Huila","Sur",0.755896151065826,0.875,0,0,1,943
"41378","Huila","Occidente",0.627234578132629,0.875,0,0,1,944
"41396","Huila","Occidente",0.577376842498779,0.875,0,0,1,945
"41483","Huila","Occidente",0.590663135051727,0.875,0,0,1,946
"41503","Huila","Sur",0.797489047050476,0.875,0,0,1,947
"41518","Huila","Occidente",0.578459680080414,0.875,0,0,1,948
"41524","Huila","Norte",0.525286376476288,0.875,0,0,1,949
"41530","Huila","Sur",0.842727839946747,0.875,0,0,1,950
"41548","Huila","Centro",0.645173013210297,0.875,0,0,1,951
"41551","Huila","Sur",0.410424649715424,0.125,1,0.889,0,952
"41615","Huila","Norte",0.517933547496796,0.875,0,0,1,953
"41660","Huila","Sur",0.823439300060272,0.875,0,0,1,954
"41668","Huila","Sur",0.662165462970734,0.875,0,0,1,955
"41676","Huila","Norte",0.757135987281799,0.875,0,0,1,956
"41770","Huila","Centro",0.793758273124695,0.875,0,0,1,957
"41791","Huila","Centro",0.684690356254578,0.875,0,0,1,958
"41797","Huila","Occidente",0.502944767475128,0.875,0,0,1,959
"41799","Huila","Norte",0.561610162258148,0.875,0,0,1,960
"41801","Huila","Norte",0.469696968793869,0.125,1,0.889,0,961
"41807","Huila","Sur",0.638377904891968,0.875,0,0,1,962
"41872","Huila","Norte",0.662596046924591,0.875,0,0,1,963
"41885","Huila","Norte",0.169340237975121,0.125,1,0.889,0,964
"44001","La Guajira","Norte",0.329289317131042,0.125,1,0.889,0,565
"44035","La Guajira","Norte",0.458522021770477,0.125,1,0.889,0,566
"44078","La Guajira","Sur",0.557451784610748,0.875,0,0,1,557
"44090","La Guajira","Norte",0.87058824300766,0.875,0,0,1,567
"44098","La Guajira","Sur",0.548939764499664,0.875,0,0,1,558
"44110","La Guajira","Sur",0.111621432006359,0.125,1,0.889,0,559
"44279","La Guajira","Sur",0.164079308509827,0.125,1,0.889,0,560
"44378","La Guajira","Sur",0.406056672334671,0.125,1,0.889,0,561
"44420","La Guajira","Sur",0.381932526826859,0.125,1,0.889,0,562
"44430","La Guajira","Norte",0.394109576940536,0.125,1,0.889,0,570
"44560","La Guajira","Norte",0.896174430847168,0.875,0,0,1,571
"44650","La Guajira","Sur",0.352863490581512,0.125,1,0.889,0,568
"44847","La Guajira","Norte",0.952906489372253,0.875,0,0,1,569
"44855","La Guajira","Sur",0.142193898558617,0.125,1,0.889,0,563
"44874","La Guajira","Sur",0.0655471682548523,0.125,1,0.889,0,564
"47001","Magdalena","Santa marta",0.0879280939698219,0.125,1,0.889,0,600
"47030","Magdalena","Norte",0.349107086658478,0.125,1,0.889,0,573
"47053","Magdalena","Norte",0.407306104898453,0.125,1,0.889,0,597
"47058","Magdalena","Centro",0.368753731250763,0.125,1,0.889,0,574
"47161","Magdalena","Rio",0.457532852888107,0.125,1,0.889,0,575
"47170","Magdalena","Centro",0.369591057300568,0.125,1,0.889,0,576
"47189","Magdalena","Norte",0.12552572786808,0.125,1,0.889,0,598
"47205","Magdalena","Rio",0.60237979888916,0.875,0,0,1,577
"47245","Magdalena","Sur",0.360175371170044,0.125,1,0.889,0,601
"47258","Magdalena","Rio",0.669551730155945,0.875,0,0,1,578
"47268","Magdalena","Norte",0.210590451955795,0.125,1,0.889,0,579
"47288","Magdalena","Norte",0.144792497158051,0.125,1,0.889,0,599
"47318","Magdalena","Sur",0.683057844638824,0.875,0,0,1,580
"47460","Magdalena","Centro",0.586431384086609,0.875,0,0,1,581
"47541","Magdalena","Rio",0.671922564506531,0.875,0,0,1,572
"47545","Magdalena","Sur",0.527826011180878,0.875,0,0,1,582
"47551","Magdalena","Rio",0.416807264089584,0.125,1,0.889,0,583
"47555","Magdalena","Centro",0.236780747771263,0.125,1,0.889,0,584
"47570","Magdalena","Norte",0.668153166770935,0.875,0,0,1,585
"47605","Magdalena","Rio",0.355613797903061,0.125,1,0.889,0,586
"47660","Magdalena","Centro",0.70857834815979,0.875,0,0,1,587
"47675","Magdalena","Rio",0.333737075328827,0.125,1,0.889,0,588
"47692","Magdalena","Sur",0.689033448696136,0.875,0,0,1,589
"47703","Magdalena","Sur",0.874154627323151,0.875,0,0,1,590
"47707","Magdalena","Sur",0.455499649047852,0.125,1,0.889,0,591
"47720","Magdalena","Sur",0.374373525381088,0.125,1,0.889,0,592
"47745","Magdalena","Rio",0.475117951631546,0.125,1,0.889,0,593
"47798","Magdalena","Centro",0.508083999156952,0.875,0,0,1,594
"47960","Magdalena","Rio",0.611318826675415,0.875,0,0,1,595
"47980","Magdalena","Norte",0.935755670070648,0.875,0,0,1,596
"50001","Meta","Capital",0.0738280564546585,0.125,1,0.889,0,909
"50006","Meta","Piedemonte",0.228542536497116,0.125,1,0.889,0,910
"50110","Meta","Piedemonte",0.312888205051422,0.125,1,0.889,0,911
"50124","Meta","Rio meta",0.506268560886383,0.875,0,0,1,912
"50150","Meta","Piedemonte",0.56965035200119,0.875,0,0,1,913
"50223","Meta","Piedemonte",0.34281200170517,0.125,1,0.889,0,914
"50226","Meta","Piedemonte",0.342735767364502,0.125,1,0.889,0,915
"50245","Meta","Piedemonte",0.667792797088623,0.875,0,0,1,916
"50251","Meta","Ariari",0.621411561965942,0.875,0,0,1,917
"50270","Meta","Ariari",0.636831283569336,0.875,0,0,1,918
"50287","Meta","Ariari",0.429219216108322,0.125,1,0.889,0,919
"50313","Meta","Ariari",0.153652936220169,0.125,1,0.889,0,920
"50318","Meta","Piedemonte",0.319427728652954,0.125,1,0.889,0,921
"50325","Meta","Ariari",0.647352635860443,0.875,0,0,1,936
"50330","Meta","Ariari",0.592615842819214,0.875,0,0,1,922
"50350","Meta","Ariari",0.824358522891998,0.875,0,0,1,935
"50370","Meta","Ariari",0.770788431167603,0.875,0,0,1,923
"50400","Meta","Ariari",0.579254984855652,0.875,0,0,1,924
"50450","Meta","Ariari",0.592371881008148,0.875,0,0,1,925
"50568","Meta","Rio meta",0.502348661422729,0.875,0,0,1,937
"50573","Meta","Rio meta",0.388960152864456,0.125,1,0.889,0,926
"50577","Meta","Ariari",0.607886433601379,0.875,0,0,1,927
"50590","Meta","Ariari",0.507005572319031,0.875,0,0,1,928
"50606","Meta","Piedemonte",0.332712948322296,0.125,1,0.889,0,929
"50680","Meta","Piedemonte",0.487638264894485,0.125,1,0.889,0,930
"50683","Meta","Ariari",0.522153973579407,0.875,0,0,1,931
"50686","Meta","Piedemonte",0.485845446586609,0.125,1,0.889,0,932
"50689","Meta","Piedemonte",0.271426975727081,0.125,1,0.889,0,933
"50711","Meta","Ariari",0.591967582702637,0.875,0,0,1,934
"52001","Nariño","Centro",0.215903595089912,0.125,1,0.889,0,127
"52019","Nariño","Norte",0.720908522605896,0.875,0,0,1,128
"52022","Nariño","Sur",0.790449142456055,0.875,0,0,1,129
"52036","Nariño","Centro occidente",0.75605046749115,0.875,0,0,1,131
"52051","Nariño","Norte",0.861186802387238,0.875,0,0,1,132
"52079","Nariño","Costa",0.782952547073364,0.875,0,0,1,167
"52083","Nariño","Norte",0.484024047851562,0.125,1,0.889,0,133
"52110","Nariño","Norte",0.725949466228485,0.875,0,0,1,134
"52203","Nariño","Norte",0.872273027896881,0.875,0,0,1,135
"52207","Nariño","Centro",0.844312250614166,0.875,0,0,1,124
"52210","Nariño","Sur",0.819807410240173,0.875,0,0,1,125
"52215","Nariño","Sur",0.801430761814117,0.875,0,0,1,126
"52224","Nariño","Sur",0.705684185028076,0.875,0,0,1,130
"52227","Nariño","Sur",0.814588785171509,0.875,0,0,1,160
"52233","Nariño","Norte",0.729657053947449,0.875,0,0,1,161
"52240","Nariño","Centro",0.717858552932739,0.875,0,0,1,141
"52250","Nariño","Costa",0.678560316562653,0.875,0,0,1,168
"52254","Nariño","Centro",0.820037603378296,0.875,0,0,1,142
"52256","Nariño","Norte",0.854967415332794,0.875,0,0,1,162
"52258","Nariño","Norte",0.889624893665314,0.875,0,0,1,143
"52260","Nariño","Centro",0.6323601603508,0.875,0,0,1,150
"52287","Nariño","Sur",0.572002232074738,0.875,0,0,1,151
"52317","Nariño","Sur",0.842107951641083,0.875,0,0,1,152
"52320","Nariño","Centro occidente",0.621999680995941,0.875,0,0,1,154
"52323","Nariño","Sur",0.575740396976471,0.875,0,0,1,156
"52352","Nariño","Sur",0.721613168716431,0.875,0,0,1,157
"52354","Nariño","Sur",0.86731094121933,0.875,0,0,1,158
"52356","Nariño","Sur",0.334030777215958,0.125,1,0.889,0,159
"52378","Nariño","Norte",0.572464525699615,0.875,0,0,1,148
"52381","Nariño","Centro",0.804037988185883,0.875,0,0,1,149
"52385","Nariño","Centro occidente",0.513863205909729,0.875,0,0,1,163
"52390","Nariño","Costa",0.604911625385284,0.875,0,0,1,169
"52399","Nariño","Norte",0.598436832427979,0.875,0,0,1,153
"52405","Nariño","Norte",0.696253061294556,0.875,0,0,1,155
"52411","Nariño","Centro occidente",0.782141447067261,0.875,0,0,1,145
"52418","Nariño","Centro occidente",0.541636109352112,0.875,0,0,1,164
"52427","Nariño","Costa",0.703501343727112,0.875,0,0,1,170
"52435","Nariño","Centro occidente",0.864304840564728,0.875,0,0,1,147
"52473","Nariño","Costa",0.5262850522995,0.875,0,0,1,171
"52480","Nariño","Centro",0.392071485519409,0.125,1,0.889,0,136
"52490","Nariño","Costa",0.571772217750549,0.875,0,0,1,172
"52506","Nariño","Centro occidente",0.723434209823608,0.875,0,0,1,137
"52520","Nariño","Costa",0.617910265922546,0.875,0,0,1,173
"52540","Nariño","Norte",0.737698316574097,0.875,0,0,1,165
"52560","Nariño","Sur",0.798636436462402,0.875,0,0,1,116
"52565","Nariño","Centro occidente",0.730617344379425,0.875,0,0,1,118
"52573","Nariño","Sur",0.597832441329956,0.875,0,0,1,120
"52585","Nariño","Sur",0.64598935842514,0.875,0,0,1,122
"52612","Nariño","Centro occidente",0.877795338630676,0.875,0,0,1,166
"52621","Nariño","Costa",0.732454419136047,0.875,0,0,1,174
"52678","Nariño","Centro occidente",0.678316473960876,0.875,0,0,1,123
"52683","Nariño","Centro",0.513214290142059,0.875,0,0,1,113
"52685","Nariño","Norte",0.717996060848236,0.875,0,0,1,114
"52687","Nariño","Norte",0.8819899559021,0.875,0,0,1,115
"52693","Nariño","Norte",0.736760020256042,0.875,0,0,1,117
"52694","Nariño","Norte",0.875931620597839,0.875,0,0,1,119
"52696","Nariño","Costa",0.731287717819214,0.875,0,0,1,175
"52699","Nariño","Centro occidente",0.858373463153839,0.875,0,0,1,121
"52720","Nariño","Centro occidente",0.804519474506378,0.875,0,0,1,138
"52786","Nariño","Norte",0.776016592979431,0.875,0,0,1,139
"52788","Nariño","Centro",0.795439422130585,0.875,0,0,1,140
"52835","Nariño","Costa",0.659671127796173,0.875,0,0,1,435
"52838","Nariño","Centro occidente",0.613181591033936,0.875,0,0,1,144
"52885","Nariño","Centro",0.695922493934631,0.875,0,0,1,146
"54001","Norte de Santander","Oriental",0.0369108431041241,0.125,1,0.889,0,868
"54003","Norte de Santander","Occidente",0.499905616044998,0.125,1,0.889,0,869
"54051","Norte de Santander","Centro",0.77022385597229,0.875,0,0,1,870
"54099","Norte de Santander","Sur oriente",0.625169634819031,0.875,0,0,1,871
"54109","Norte de Santander","Norte",0.919654309749603,0.875,0,0,1,872
"54125","Norte de Santander","Sur occidente",0.671700835227966,0.875,0,0,1,873
"54128","Norte de Santander","Occidente",0.838835835456848,0.875,0,0,1,874
"54172","Norte de Santander","Sur oriente",0.357991069555283,0.125,1,0.889,0,875
"54174","Norte de Santander","Sur occidente",0.625475585460663,0.875,0,0,1,901
"54206","Norte de Santander","Occidente",0.598277628421783,0.875,0,0,1,902
"54223","Norte de Santander","Centro",0.814453363418579,0.875,0,0,1,876
"54239","Norte de Santander","Sur oriente",0.512001752853394,0.875,0,0,1,877
"54245","Norte de Santander","Occidente",0.832927584648132,0.875,0,0,1,903
"54250","Norte de Santander","Norte",0.58338725566864,0.875,0,0,1,907
"54261","Norte de Santander","Oriental",0.389250934123993,0.125,1,0.889,0,878
"54313","Norte de Santander","Centro",0.659766972064972,0.875,0,0,1,879
"54344","Norte de Santander","Occidente",0.866073191165924,0.875,0,0,1,880
"54347","Norte de Santander","Sur oriente",0.821761667728424,0.875,0,0,1,881
"54377","Norte de Santander","Sur oriente",0.741703867912292,0.875,0,0,1,882
"54385","Norte de Santander","Occidente",0.853847503662109,0.875,0,0,1,883
"54398","Norte de Santander","Occidente",0.88776046037674,0.875,0,0,1,884
"54405","Norte de Santander","Oriental",0.031709149479866,0.125,1,0.889,0,885
"54418","Norte de Santander","Centro",0.536924660205841,0.875,0,0,1,886
"54480","Norte de Santander","Sur occidente",0.808791756629944,0.875,0,0,1,887
"54498","Norte de Santander","Occidente",0.102424055337906,0.125,1,0.889,0,888
"54518","Norte de Santander","Sur occidente",0.0801998972892761,0.125,1,0.889,0,889
"54520","Norte de Santander","Sur occidente",0.798037767410278,0.875,0,0,1,890
"54553","Norte de Santander","Oriental",0.0663373321294785,0.125,1,0.889,0,891
"54599","Norte de Santander","Sur oriente",0.51279878616333,0.875,0,0,1,892
"54660","Norte de Santander","Centro",0.623223900794983,0.875,0,0,1,893
"54670","Norte de Santander","Occidente",0.832819938659668,0.875,0,0,1,894
"54673","Norte de Santander","Oriental",0.672112345695496,0.875,0,0,1,895
"54680","Norte de Santander","Centro",0.479619175195694,0.125,1,0.889,0,896
"54720","Norte de Santander","Norte",0.626203179359436,0.875,0,0,1,897
"54743","Norte de Santander","Sur occidente",0.858649790287018,0.875,0,0,1,898
"54800","Norte de Santander","Occidente",0.844500720500946,0.875,0,0,1,904
"54810","Norte de Santander","Norte",0.633728981018066,0.875,0,0,1,905
"54820","Norte de Santander","Sur oriente",0.65848445892334,0.875,0,0,1,906
"54871","Norte de Santander","Centro",0.563851058483124,0.875,0,0,1,899
"54874","Norte de Santander","Oriental",0.0325153023004532,0.125,1,0.889,0,900
"63001","Quindio","Capital",0.0269742012023926,0.125,1,0.889,0,256
"63111","Quindio","Capital",0.608400642871857,0.875,0,0,1,257
"63130","Quindio","Capital",0.223651126027107,0.125,1,0.889,0,258
"63190","Quindio","Norte",0.253426611423492,0.125,1,0.889,0,259
"63212","Quindio","Cordilleranos",0.40393477678299,0.125,1,0.889,0,260
"63272","Quindio","Fria",0.449693351984024,0.125,1,0.889,0,261
"63302","Quindio","Cordilleranos",0.432011693716049,0.125,1,0.889,0,262
"63401","Quindio","Valle",0.110579654574394,0.125,1,0.889,0,263
"63470","Quindio","Valle",0.180158361792564,0.125,1,0.889,0,264
"63548","Quindio","Cordilleranos",0.429584205150604,0.125,1,0.889,0,265
"63594","Quindio","Valle",0.189847484230995,0.125,1,0.889,0,266
"63690","Quindio","Fria",0.581101536750793,0.875,0,0,1,267
"66001","Risaralda","Uno - vertiente oriental",0.174270063638687,0.125,1,0.889,0,268
"66045","Risaralda","Dos - vertiente occidental",0.560454607009888,0.875,0,0,1,269
"66075","Risaralda","Dos - vertiente occidental",0.763661861419678,0.875,0,0,1,270
"66088","Risaralda","Dos - vertiente occidental",0.495342254638672,0.125,1,0.889,0,271
"66170","Risaralda","Uno - vertiente oriental",0.0593890734016895,0.125,1,0.889,0,272
"66318","Risaralda","Dos - vertiente occidental",0.707353174686432,0.875,0,0,1,273
"66383","Risaralda","Dos - vertiente occidental",0.61658239364624,0.875,0,0,1,274
"66400","Risaralda","Uno - vertiente oriental",0.0262865740805864,0.125,1,0.889,0,275
"66440","Risaralda","Uno - vertiente oriental",0.496989369392395,0.125,1,0.889,0,276
"66456","Risaralda","Tres - vertiente",0.770383477210999,0.875,0,0,1,277
"66572","Risaralda","Del pacifico",0.830403566360474,0.875,0,0,1,278
"66594","Risaralda","Dos - vertiente occidental",0.735856652259827,0.875,0,0,1,279
"66682","Risaralda","Uno - vertiente oriental",0.173963874578476,0.125,1,0.889,0,280
"66687","Risaralda","Dos - vertiente occidental",0.500315845012665,0.875,0,0,1,281
"68001","Santander","Soto",0.0178583096712828,0.125,1,0.889,0,1061
"68013","Santander","Vélez",0.831266820430756,0.875,0,0,1,975
"68020","Santander","Vélez",0.85541296005249,0.875,0,0,1,976
"68051","Santander","Guanenta",0.710778951644897,0.875,0,0,1,977
"68077","Santander","Vélez",0.25123992562294,0.125,1,0.889,0,978
"68079","Santander","Guanenta",0.703127980232239,0.875,0,0,1,979
"68081","Santander","Mares",0.129042878746986,0.125,1,0.889,0,980
"68092","Santander","Mares",0.778993427753448,0.875,0,0,1,981
"68101","Santander","Vélez",0.867546737194061,0.875,0,0,1,1058
"68121","Santander","Guanenta",0.796076416969299,0.875,0,0,1,982
"68132","Santander","Soto",0.562910795211792,0.875,0,0,1,983
"68147","Santander","Garcia rovira",0.372933685779572,0.125,1,0.889,0,984
"68152","Santander","Garcia rovira",0.850885391235352,0.875,0,0,1,985
"68160","Santander","Garcia rovira",0.743424296379089,0.875,0,0,1,986
"68162","Santander","Garcia rovira",0.505275666713715,0.875,0,0,1,987
"68167","Santander","Guanenta",0.411735951900482,0.125,1,0.889,0,988
"68169","Santander","Soto",0.752077579498291,0.875,0,0,1,989
"68176","Santander","Comunera",0.718260884284973,0.875,0,0,1,990
"68179","Santander","Vélez",0.874482750892639,0.875,0,0,1,991
"68190","Santander","Vélez",0.576805174350739,0.875,0,0,1,992
"68207","Santander","Garcia rovira",0.515510618686676,0.875,0,0,1,993
"68209","Santander","Comunera",0.782526135444641,0.875,0,0,1,994
"68211","Santander","Comunera",0.23946724832058,0.125,1,0.889,0,1038
"68217","Santander","Guanenta",0.855832517147064,0.875,0,0,1,1039
"68229","Santander","Guanenta",0.640088081359863,0.875,0,0,1,1040
"68235","Santander","Mares",0.865127146244049,0.875,0,0,1,1041
"68245","Santander","Comunera",0.687586545944214,0.875,0,0,1,1042
"68250","Santander","Vélez",0.865125954151154,0.875,0,0,1,1059
"68255","Santander","Soto",0.486837297677994,0.125,1,0.889,0,1043
"68264","Santander","Guanenta",0.793887138366699,0.875,0,0,1,1044
"68266","Santander","Garcia rovira",0.754695177078247,0.875,0,0,1,1045
"68271","Santander","Vélez",0.781014025211334,0.875,0,0,1,1046
"68276","Santander","Soto",0.0407967530190945,0.125,1,0.889,0,1057
"68296","Santander","Comunera",0.718641698360443,0.875,0,0,1,1047
"68298","Santander","Comunera",0.837602615356445,0.875,0,0,1,1048
"68307","Santander","Soto",0.120296999812126,0.125,1,0.889,0,1056
"68318","Santander","Garcia rovira",0.745098054409027,0.875,0,0,1,1049
"68320","Santander","Comunera",0.624695181846619,0.875,0,0,1,1050
"68322","Santander","Comunera",0.720000028610229,0.875,0,0,1,1051
"68324","Santander","Vélez",0.757210373878479,0.875,0,0,1,1052
"68327","Santander","Vélez",0.39949157834053,0.125,1,0.889,0,1053
"68344","Santander","Comunera",0.717783510684967,0.875,0,0,1,1054
"68368","Santander","Vélez",0.784859359264374,0.875,0,0,1,1055
"68370","Santander","Guanenta",0.92465752363205,0.875,0,0,1,1017
"68377","Santander","Vélez",0.726363360881805,0.875,0,0,1,1018
"68385","Santander","Vélez",0.693567037582397,0.875,0,0,1,1019
"68397","Santander","Vélez",0.847365260124207,0.875,0,0,1,1020
"68406","Santander","Soto",0.45662721991539,0.125,1,0.889,0,1021
"68418","Santander","Soto",0.883524715900421,0.875,0,0,1,1022
"68425","Santander","Garcia rovira",0.871027171611786,0.875,0,0,1,1023
"68432","Santander","Garcia rovira",0.136261641979218,0.125,1,0.889,0,1024
"68444","Santander","Soto",0.709606111049652,0.875,0,0,1,1025
"68464","Santander","Guanenta",0.607200503349304,0.875,0,0,1,1026
"68468","Santander","Garcia rovira",0.850132942199707,0.875,0,0,1,1027
"68498","Santander","Guanenta",0.857092380523682,0.875,0,0,1,1028
"68500","Santander","Comunera",0.556388914585114,0.875,0,0,1,1029
"68502","Santander","Guanenta",0.705474555492401,0.875,0,0,1,1030
"68522","Santander","Comunera",0.656869947910309,0.875,0,0,1,1031
"68524","Santander","Comunera",0.692702174186707,0.875,0,0,1,1032
"68533","Santander","Guanenta",0.731198966503143,0.875,0,0,1,1033
"68547","Santander","Soto",0.183747991919518,0.125,1,0.889,0,1060
"68549","Santander","Guanenta",0.792328536510468,0.875,0,0,1,1034
"68572","Santander","Vélez",0.628770291805267,0.875,0,0,1,1035
"68573","Santander","Vélez",0.659031391143799,0.875,0,0,1,1036
"68575","Santander","Mares",0.506724417209625,0.875,0,0,1,1037
"68615","Santander","Soto",0.760269284248352,0.875,0,0,1,995
"68655","Santander","Mares",0.31895324587822,0.125,1,0.889,0,996
"68669","Santander","Garcia rovira",0.640561997890472,0.875,0,0,1,997
"68673","Santander","Vélez",0.906101703643799,0.875,0,0,1,998
"68679","Santander","Guanenta",0.124685473740101,0.125,1,0.889,0,999
"68682","Santander","Guanenta",0.634538173675537,0.875,0,0,1,1000
"68684","Santander","Garcia rovira",0.796427726745605,0.875,0,0,1,1001
"68686","Santander","Garcia rovira",0.751481652259827,0.875,0,0,1,1002
"68689","Santander","Mares",0.629131078720093,0.875,0,0,1,1003
"68705","Santander","Soto",0.889629304409027,0.875,0,0,1,1004
"68720","Santander","Comunera",0.77338445186615,0.875,0,0,1,1005
"68745","Santander","Comunera",0.782413840293884,0.875,0,0,1,1006
"68755","Santander","Comunera",0.18427762389183,0.125,1,0.889,0,1007
"68770","Santander","Comunera",0.787060141563416,0.875,0,0,1,1008
"68773","Santander","Vélez",0.923632323741913,0.875,0,0,1,1009
"68780","Santander","Soto",0.771320760250092,0.875,0,0,1,1010
"68820","Santander","Soto",0.92703104019165,0.875,0,0,1,1011
"68855","Santander","Guanenta",0.604207754135132,0.875,0,0,1,1012
"68861","Santander","Vélez",0.459722459316254,0.125,1,0.889,0,1013
"68867","Santander","Soto",0.655156075954437,0.875,0,0,1,1014
"68872","Santander","Guanenta",0.420297205448151,0.125,1,0.889,0,1015
"68895","Santander","Mares",0.337206840515137,0.125,1,0.889,0,1016
"70001","Sucre","Montes de maría",0.102421760559082,0.125,1,0.889,0,602
"70110","Sucre","Sabanas",0.203428789973259,0.125,1,0.889,0,603
"70124","Sucre","San jorge",0.749130070209503,0.875,0,0,1,604
"70204","Sucre","Montes de maría",0.555607080459595,0.875,0,0,1,605
"70215","Sucre","Sabanas",0.23747606575489,0.125,1,0.889,0,606
"70221","Sucre","Morrosquillo",0.405150681734085,0.125,1,0.889,0,607
"70230","Sucre","Montes de maría",0.361173301935196,0.125,1,0.889,0,608
"70233","Sucre","Sabanas",0.563555896282196,0.875,0,0,1,609
"70235","Sucre","Sabanas",0.454235285520554,0.125,1,0.889,0,610
"70265","Sucre","Mojana",0.597922444343567,0.875,0,0,1,611
"70400","Sucre","San jorge",0.519475281238556,0.875,0,0,1,612
"70418","Sucre","Sabanas",0.513243019580841,0.875,0,0,1,613
"70429","Sucre","Mojana",0.721555233001709,0.875,0,0,1,614
"70473","Sucre","Montes de maría",0.400371819734573,0.125,1,0.889,0,627
"70508","Sucre","Montes de maría",0.501158654689789,0.875,0,0,1,615
"70523","Sucre","Morrosquillo",0.652472734451294,0.875,0,0,1,616
"70670","Sucre","Sabanas",0.495167374610901,0.125,1,0.889,0,617
"70678","Sucre","San jorge",0.791929662227631,0.875,0,0,1,618
"70702","Sucre","Sabanas",0.489693373441696,0.125,1,0.889,0,619
"70708","Sucre","San jorge",0.440369665622711,0.125,1,0.889,0,620
"70713","Sucre","Morrosquillo",0.617029011249542,0.875,0,0,1,621
"70717","Sucre","Sabanas",0.343518018722534,0.125,1,0.889,0,622
"70742","Sucre","Sabanas",0.263250261545181,0.125,1,0.889,0,623
"70771","Sucre","Mojana",0.756192445755005,0.875,0,0,1,624
"70820","Sucre","Morrosquillo",0.198074236512184,0.125,1,0.889,0,625
"70823","Sucre","Morrosquillo",0.693284571170807,0.875,0,0,1,626
"73001","Tolima","Ibague",0.0700123682618141,0.125,1,0.889,0,1062
"73024","Tolima","Suroriente",0.561839759349823,0.875,0,0,1,1063
"73026","Tolima","Ibague",0.627917647361755,0.875,0,0,1,1064
"73030","Tolima","Norte",0.20970407128334,0.125,1,0.889,0,1065
"73043","Tolima","Ibague",0.856220006942749,0.875,0,0,1,1066
"73055","Tolima","Norte",0.355387508869171,0.125,1,0.889,0,1067
"73067","Tolima","Sur",0.750646650791168,0.875,0,0,1,1068
"73124","Tolima","Ibague",0.487791687250137,0.125,1,0.889,0,1069
"73148","Tolima","Oriente",0.246120393276215,0.125,1,0.889,0,1070
"73152","Tolima","Nevados",0.730111420154572,0.875,0,0,1,1071
"73168","Tolima","Sur",0.431870073080063,0.125,1,0.889,0,1072
"73200","Tolima","Ibague",0.820320069789886,0.875,0,0,1,1073
"73217","Tolima","Sur",0.831850290298462,0.875,0,0,1,1074
"73226","Tolima","Oriente",0.725900530815125,0.875,0,0,1,1075
"73236","Tolima","Suroriente",0.580930709838867,0.875,0,0,1,1076
"73268","Tolima","Ibague",0.28130054473877,0.125,1,0.889,0,1077
"73270","Tolima","Norte",0.770700633525848,0.875,0,0,1,1078
"73275","Tolima","Ibague",0.135193213820457,0.125,1,0.889,0,1079
"73283","Tolima","Norte",0.494254738092422,0.125,1,0.889,0,1080
"73319","Tolima","Suroriente",0.494353383779526,0.125,1,0.889,0,1081
"73347","Tolima","Nevados",0.704060852527618,0.875,0,0,1,1082
"73349","Tolima","Norte",0.0419147126376629,0.125,1,0.889,0,1119
"73352","Tolima","Oriente",0.697568774223328,0.875,0,0,1,1083
"73408","Tolima","Nevados",0.260525465011597,0.125,1,0.889,0,1084
"73411","Tolima","Nevados",0.358088821172714,0.125,1,0.889,0,1085
"73443","Tolima","Norte",0.261133164167404,0.125,1,0.889,0,1086
"73449","Tolima","Oriente",0.185761988162994,0.125,1,0.889,0,1087
"73461","Tolima","Nevados",0.572574734687805,0.875,0,0,1,1088
"73483","Tolima","Sur",0.471452653408051,0.125,1,0.889,0,1089
"73504","Tolima","Sur",0.799289166927338,0.875,0,0,1,1090
"73520","Tolima","Norte",0.691675245761871,0.875,0,0,1,1091
"73547","Tolima","Ibague",0.660259246826172,0.875,0,0,1,1092
"73555","Tolima","Sur",0.738549888134003,0.875,0,0,1,1093
"73563","Tolima","Suroriente",0.559308052062988,0.875,0,0,1,1094
"73585","Tolima","Suroriente",0.439751863479614,0.125,1,0.889,0,1095
"73616","Tolima","Sur",0.836458683013916,0.875,0,0,1,1096
"73622","Tolima","Sur",0.656530499458313,0.875,0,0,1,1097
"73624","Tolima","Ibague",0.534926652908325,0.875,0,0,1,1098
"73671","Tolima","Suroriente",0.411014884710312,0.125,1,0.889,0,1099
"73675","Tolima","Sur",0.662608563899994,0.875,0,0,1,1100
"73678","Tolima","Ibague",0.722201704978943,0.875,0,0,1,1101
"73686","Tolima","Nevados",0.623678267002106,0.875,0,0,1,1102
"73770","Tolima","Suroriente",0.596380829811096,0.875,0,0,1,1103
"73854","Tolima","Ibague",0.606361091136932,0.875,0,0,1,1104
"73861","Tolima","Nevados",0.325973302125931,0.125,1,0.889,0,1105
"73870","Tolima","Nevados",0.637617170810699,0.875,0,0,1,1106
"73873","Tolima","Oriente",0.616224646568298,0.875,0,0,1,1107
"76001","Valle del Cauca","Sur",0.0247414074838161,0.125,1,0.889,0,58
"76020","Valle del Cauca","Norte",0.260560363531113,0.125,1,0.889,0,75
"76036","Valle del Cauca","Centro",0.223881259560585,0.125,1,0.889,0,59
"76041","Valle del Cauca","Norte",0.410534173250198,0.125,1,0.889,0,60
"76054","Valle del Cauca","Norte",0.471558272838593,0.125,1,0.889,0,61
"76100","Valle del Cauca","Norte",0.724486589431763,0.875,0,0,1,97
"76109","Valle del Cauca","Occidente",0.237270757555962,0.125,1,0.889,0,99
"76111","Valle del Cauca","Centro",0.130463764071465,0.125,1,0.889,0,62
"76113","Valle del Cauca","Centro",0.478986769914627,0.125,1,0.889,0,63
"76122","Valle del Cauca","Oriente",0.172940149903297,0.125,1,0.889,0,64
"76126","Valle del Cauca","Centro",0.364739120006561,0.125,1,0.889,0,65
"76130","Valle del Cauca","Sur",0.743218064308167,0.875,0,0,1,66
"76147","Valle del Cauca","Norte",0.030118839815259,0.125,1,0.889,0,67
"76233","Valle del Cauca","Sur",0.774374008178711,0.875,0,0,1,98
"76243","Valle del Cauca","Norte",0.729823768138885,0.875,0,0,1,68
"76246","Valle del Cauca","Norte",0.532797634601593,0.875,0,0,1,69
"76248","Valle del Cauca","Centro",0.362900644540787,0.125,1,0.889,0,70
"76250","Valle del Cauca","Norte",0.392640113830566,0.125,1,0.889,0,71
"76275","Valle del Cauca","Sur",0.299421340227127,0.125,1,0.889,0,72
"76306","Valle del Cauca","Centro",0.549624025821686,0.875,0,0,1,73
"76318","Valle del Cauca","Centro",0.384742856025696,0.125,1,0.889,0,74
"76364","Valle del Cauca","Sur",0.226811856031418,0.125,1,0.889,0,96
"76377","Valle del Cauca","Sur",0.822199046611786,0.875,0,0,1,95
"76400","Valle del Cauca","Norte",0.205048158764839,0.125,1,0.889,0,94
"76403","Valle del Cauca","Norte",0.253983914852142,0.125,1,0.889,0,93
"76497","Valle del Cauca","Norte",0.273148149251938,0.125,1,0.889,0,76
"76520","Valle del Cauca","Sur",0.211970433592796,0.125,1,0.889,0,77
"76563","Valle del Cauca","Sur",0.130064055323601,0.125,1,0.889,0,78
"76606","Valle del Cauca","Centro",0.343633621931076,0.125,1,0.889,0,79
"76616","Valle del Cauca","Centro",0.526938378810883,0.875,0,0,1,80
"76622","Valle del Cauca","Norte",0.249232277274132,0.125,1,0.889,0,81
"76670","Valle del Cauca","Centro",0.553122401237488,0.875,0,0,1,82
"76736","Valle del Cauca","Oriente",0.244867444038391,0.125,1,0.889,0,83
"76823","Valle del Cauca","Norte",0.317820966243744,0.125,1,0.889,0,84
"76828","Valle del Cauca","Centro",0.539321780204773,0.875,0,0,1,85
"76834","Valle del Cauca","Centro",0.177417308092117,0.125,1,0.889,0,86
"76845","Valle del Cauca","Norte",0.5335773229599,0.875,0,0,1,87
"76863","Valle del Cauca","Norte",0.436321079730988,0.125,1,0.889,0,88
"76869","Valle del Cauca","Sur",0.379692167043686,0.125,1,0.889,0,89
"76890","Valle del Cauca","Centro",0.480242222547531,0.125,1,0.889,0,90
"76892","Valle del Cauca","Sur",0.136992931365967,0.125,1,0.889,0,91
"76895","Valle del Cauca","Norte",0.241216450929642,0.125,1,0.889,0,92
"81001","Arauca","Arauca",0.133084073662758,0.125,1,0.889,0,630
"81065","Arauca","Arauca",0.724724650382996,0.875,0,0,1,633
"81220","Arauca","Arauca",0.316687911748886,0.125,1,0.889,0,632
"81300","Arauca","Arauca",0.47798079252243,0.125,1,0.889,0,634
"81591","Arauca","Arauca",0.328938394784927,0.125,1,0.889,0,631
"81736","Arauca","Arauca",0.236508622765541,0.125,1,0.889,0,635
"81794","Arauca","Arauca",0.390330523252487,0.125,1,0.889,0,636
"85001","Casanare","Casanare",0.147322669625282,0.125,1,0.889,0,189
"85010","Casanare","Casanare",0.281674116849899,0.125,1,0.889,0,190
"85015","Casanare","Casanare",0.400400012731552,0.125,1,0.889,0,191
"85125","Casanare","Casanare",0.58087283372879,0.875,0,0,1,206
"85136","Casanare","Casanare",0.551164448261261,0.875,0,0,1,192
"85139","Casanare","Casanare",0.348323732614517,0.125,1,0.889,0,193
"85162","Casanare","Casanare",0.305582493543625,0.125,1,0.889,0,194
"85225","Casanare","Casanare",0.784273743629456,0.875,0,0,1,195
"85230","Casanare","Casanare",0.564343571662903,0.875,0,0,1,196
"85250","Casanare","Casanare",0.312705010175705,0.125,1,0.889,0,207
"85263","Casanare","Casanare",0.429932326078415,0.125,1,0.889,0,197
"85279","Casanare","Casanare",0.809057533740997,0.875,0,0,1,198
"85300","Casanare","Casanare",0.508689641952515,0.875,0,0,1,199
"85315","Casanare","Casanare",0.511961698532104,0.875,0,0,1,200
"85325","Casanare","Casanare",0.638790428638458,0.875,0,0,1,201
"85400","Casanare","Casanare",0.762258112430573,0.875,0,0,1,202
"85410","Casanare","Casanare",0.381604105234146,0.125,1,0.889,0,203
"85430","Casanare","Casanare",0.479256391525269,0.125,1,0.889,0,204
"85440","Casanare","Casanare",0.254439890384674,0.125,1,0.889,0,205
"86001","Putumayo","Putumayo",0.318114131689072,0.125,1,0.889,0,100
"86219","Putumayo","Putumayo",0.367671549320221,0.125,1,0.889,0,101
"86320","Putumayo","Putumayo",0.474552929401398,0.125,1,0.889,0,102
"86568","Putumayo","Putumayo",0.400296002626419,0.125,1,0.889,0,110
"86569","Putumayo","Putumayo",0.621683776378632,0.875,0,0,1,109
"86571","Putumayo","Putumayo",0.869200348854065,0.875,0,0,1,111
"86573","Putumayo","Putumayo",0.551953077316284,0.875,0,0,1,112
"86749","Putumayo","Putumayo",0.326706826686859,0.125,1,0.889,0,103
"86755","Putumayo","Putumayo",0.400354295969009,0.125,1,0.889,0,104
"86757","Putumayo","Putumayo",0.738445162773132,0.875,0,0,1,105
"86760","Putumayo","Putumayo",0.523182451725006,0.875,0,0,1,106
"86865","Putumayo","Putumayo",0.55519026517868,0.875,0,0,1,107
"86885","Putumayo","Putumayo",0.420168787240982,0.125,1,0.889,0,108
"88001","Archipiélago de San Andrés","Archipiélago de s a",0.251234382390976,0.125,1,0.889,0,628
"88564","Archipiélago de San Andrés","Archipiélago de s a",0.416764080524445,0.125,1,0.889,0,629
"91001","Amazonas","Amazonas",0.304108500480652,0.125,1,0.889,0,208
"91263","Amazonas","Amazonas",1,0.875,0,0,1,209
"91405","Amazonas","Amazonas",1,0.875,0,0,1,210
"91407","Amazonas","Amazonas",1,0.875,0,0,1,211
"91430","Amazonas","Amazonas",1,0.875,0,0,1,212
"91460","Amazonas","Amazonas",1,0.875,0,0,1,213
"91530","Amazonas","Amazonas",1,0.875,0,0,1,214
"91536","Amazonas","Amazonas",1,0.875,0,0,1,215
"91540","Amazonas","Amazonas",0.636289000511169,0.875,0,0,1,216
"91669","Amazonas","Amazonas",1,0.875,0,0,1,217
"91798","Amazonas","Amazonas",1,0.875,0,0,1,218
"94001","Guainía","Guainía",0.35650822520256,0.125,1,0.889,0,176
"94343","Guainía","Guainía",1,0.875,0,0,1,177
"94663","Guainía","Guainía",1,0.875,0,0,1,178
"94883","Guainía","Guainía",1,0.875,0,0,1,179
"94884","Guainía","Guainía",1,0.875,0,0,1,180
"94885","Guainía","Guainía",1,0.875,0,0,1,181
"94886","Guainía","Guainía",1,0.875,0,0,1,182
"94887","Guainía","Guainía",1,0.875,0,0,1,183
"94888","Guainía","Guainía",1,0.875,0,0,1,184
"95001","Guaviare","Guaviare",0.311672806739807,0.125,1,0.889,0,225
"95015","Guaviare","Guaviare",0.544605374336243,0.875,0,0,1,226
"95025","Guaviare","Guaviare",0.754266440868378,0.875,0,0,1,227
"95200","Guaviare","Guaviare",0.713040888309479,0.875,0,0,1,228
"97001","Vaupés","Vaupés",0.673500835895538,0.875,0,0,1,219
"97161","Vaupés","Vaupés",0.524185240268707,0.875,0,0,1,220
"97511","Vaupés","Vaupés",1,0.875,0,0,1,221
"97666","Vaupés","Vaupés",0.567945837974548,0.875,0,0,1,222
"97777","Vaupés","Vaupés",1,0.875,0,0,1,223
"97889","Vaupés","Vaupés",1,0.875,0,0,1,224
"99001","Vichada","Vichada",0.284772634506226,0.125,1,0.889,0,186
"99524","Vichada","Vichada",0.448132783174515,0.125,1,0.889,0,187
"99624","Vichada","Vichada",0.412909597158432,0.125,1,0.889,0,185
"99773","Vichada","Vichada",0.960242688655853,0.875,0,0,1,188
