MPIO_CDPMP,elsnlfc,elsnmrfc,clrgstch,clrgwkch
18001,0.25,0,0,0.5
18029,0.25,0,0,0.5
18094,0.25,0,0,0.5
18247,0.25,0,0,0.5
18256,0.25,0,0,0.5
18410,0.25,0,0,0.5
18460,0.25,0,0,0.5
18479,0.25,0,0,0.5
18610,0.25,0,0,0.5
18860,0.25,0,0,0.5
18150,0.25,0,0,0.5
18753,0.25,0,0,0.5
18756,0.25,0,0,0.5
18785,0.25,0,0,0.5
18205,0.25,0,0,0.5
18592,0.25,0,0,0.5
19001,0.125,0,0.111,0.3
19022,0.125,0,0.111,0.3
19050,0.125,0,0.111,0.3
19075,0.125,0,0.111,0.3
19100,0.125,0,0.111,0.3
19110,0.125,0,0.111,0.3
19130,0.125,0,0.111,0.3
19137,0.125,0,0.111,0.3
19142,0.125,0,0.111,0.3
19212,0.125,0,0.111,0.3
19290,0.125,0,0.111,0.3
19300,0.125,0,0.111,0.3
19355,0.125,0,0.111,0.3
19364,0.125,0,0.111,0.3
19392,0.125,0,0.111,0.3
19397,0.125,0,0.111,0.3
19450,0.125,0,0.111,0.3
19455,0.125,0,0.111,0.3
19473,0.125,0,0.111,0.3
19513,0.125,0,0.111,0.3
19517,0.125,0,0.111,0.3
19532,0.125,0,0.111,0.3
19533,0.125,0,0.111,0.3
19548,0.125,0,0.111,0.3
19573,0.125,0,0.111,0.3
19585,0.125,0,0.111,0.3
19622,0.125,0,0.111,0.3
19693,0.125,0,0.111,0.3
19698,0.125,0,0.111,0.3
19701,0.125,0,0.111,0.3
19743,0.125,0,0.111,0.3
19760,0.125,0,0.111,0.3
19780,0.125,0,0.111,0.3
19785,0.125,0,0.111,0.3
19807,0.125,0,0.111,0.3
19821,0.125,0,0.111,0.3
19824,0.125,0,0.111,0.3
19256,0.125,0,0.111,0.3
19318,0.125,0,0.111,0.3
19418,0.125,0,0.111,0.3
19809,0.125,0,0.111,0.3
19845,0.125,0,0.111,0.3
76001,0.125,0,0.111,0.3
76036,0.125,0,0.111,0.3
76041,0.125,0,0.111,0.3
76054,0.125,0,0.111,0.3
76111,0.125,0,0.111,0.3
76113,0.125,0,0.111,0.3
76122,0.125,0,0.111,0.3
76126,0.125,0,0.111,0.3
76130,0.125,0,0.111,0.3
76147,0.125,0,0.111,0.3
76243,0.125,0,0.111,0.3
76246,0.125,0,0.111,0.3
76248,0.125,0,0.111,0.3
76250,0.125,0,0.111,0.3
76275,0.125,0,0.111,0.3
76306,0.125,0,0.111,0.3
76318,0.125,0,0.111,0.3
76020,0.125,0,0.111,0.3
76497,0.125,0,0.111,0.3
76520,0.125,0,0.111,0.3
76563,0.125,0,0.111,0.3
76606,0.125,0,0.111,0.3
76616,0.125,0,0.111,0.3
76622,0.125,0,0.111,0.3
76670,0.125,0,0.111,0.3
76736,0.125,0,0.111,0.3
76823,0.125,0,0.111,0.3
76828,0.125,0,0.111,0.3
76834,0.125,0,0.111,0.3
76845,0.125,0,0.111,0.3
76863,0.125,0,0.111,0.3
76869,0.125,0,0.111,0.3
76890,0.125,0,0.111,0.3
76892,0.125,0,0.111,0.3
76895,0.125,0,0.111,0.3
76403,0.125,0,0.111,0.3
76400,0.125,0,0.111,0.3
76377,0.125,0,0.111,0.3
76364,0.125,0,0.111,0.3
76100,0.125,0,0.111,0.3
76233,0.125,0,0.111,0.3
76109,0.125,0,0.111,0.3
86001,0.25,0,0,0.5
86219,0.25,0,0,0.5
86320,0.25,0,0,0.5
86749,0.25,0,0,0.5
86755,0.25,0,0,0.5
86757,0.25,0,0,0.5
86760,0.25,0,0,0.5
86865,0.25,0,0,0.5
86885,0.25,0,0,0.5
86569,0.25,0,0,0.5
86568,0.25,0,0,0.5
86571,0.25,0,0,0.5
86573,0.25,0,0,0.5
52683,0.125,0,0.111,0.3
52685,0.125,0,0.111,0.3
52687,0.125,0,0.111,0.3
52560,0.125,0,0.111,0.3
52693,0.125,0,0.111,0.3
52565,0.125,0,0.111,0.3
52694,0.125,0,0.111,0.3
52573,0.125,0,0.111,0.3
52699,0.125,0,0.111,0.3
52585,0.125,0,0.111,0.3
52678,0.125,0,0.111,0.3
52207,0.125,0,0.111,0.3
52210,0.125,0,0.111,0.3
52215,0.125,0,0.111,0.3
52001,0.125,0,0.111,0.3
52019,0.125,0,0.111,0.3
52022,0.125,0,0.111,0.3
52224,0.125,0,0.111,0.3
52036,0.125,0,0.111,0.3
52051,0.125,0,0.111,0.3
52083,0.125,0,0.111,0.3
52110,0.125,0,0.111,0.3
52203,0.125,0,0.111,0.3
52480,0.125,0,0.111,0.3
52506,0.125,0,0.111,0.3
52720,0.125,0,0.111,0.3
52786,0.125,0,0.111,0.3
52788,0.125,0,0.111,0.3
52240,0.125,0,0.111,0.3
52254,0.125,0,0.111,0.3
52258,0.125,0,0.111,0.3
52838,0.125,0,0.111,0.3
52411,0.125,0,0.111,0.3
52885,0.125,0,0.111,0.3
52435,0.125,0,0.111,0.3
52378,0.125,0,0.111,0.3
52381,0.125,0,0.111,0.3
52260,0.125,0,0.111,0.3
52287,0.125,0,0.111,0.3
52317,0.125,0,0.111,0.3
52399,0.125,0,0.111,0.3
52320,0.125,0,0.111,0.3
52405,0.125,0,0.111,0.3
52323,0.125,0,0.111,0.3
52352,0.125,0,0.111,0.3
52354,0.125,0,0.111,0.3
52356,0.125,0,0.111,0.3
52227,0.125,0,0.111,0.3
52233,0.125,0,0.111,0.3
52256,0.125,0,0.111,0.3
52385,0.125,0,0.111,0.3
52418,0.125,0,0.111,0.3
52540,0.125,0,0.111,0.3
52612,0.125,0,0.111,0.3
52079,0.125,0,0.111,0.3
52250,0.125,0,0.111,0.3
52390,0.125,0,0.111,0.3
52427,0.125,0,0.111,0.3
52473,0.125,0,0.111,0.3
52490,0.125,0,0.111,0.3
52520,0.125,0,0.111,0.3
52621,0.125,0,0.111,0.3
52696,0.125,0,0.111,0.3
94001,0.125,0,0.111,0.3
94343,0.125,0,0.111,0.3
94663,0.125,0,0.111,0.3
94883,0.125,0,0.111,0.3
94884,0.125,0,0.111,0.3
94885,0.125,0,0.111,0.3
94886,0.125,0,0.111,0.3
94887,0.125,0,0.111,0.3
94888,0.125,0,0.111,0.3
99624,0.125,0,0.111,0.3
99001,0.125,0,0.111,0.3
99524,0.125,0,0.111,0.3
99773,0.125,0,0.111,0.3
85001,0.125,0,0.111,0.3
85010,0.125,0,0.111,0.3
85015,0.125,0,0.111,0.3
85136,0.125,0,0.111,0.3
85139,0.125,0,0.111,0.3
85162,0.125,0,0.111,0.3
85225,0.125,0,0.111,0.3
85230,0.125,0,0.111,0.3
85263,0.125,0,0.111,0.3
85279,0.125,0,0.111,0.3
85300,0.125,0,0.111,0.3
85315,0.125,0,0.111,0.3
85325,0.125,0,0.111,0.3
85400,0.125,0,0.111,0.3
85410,0.125,0,0.111,0.3
85430,0.125,0,0.111,0.3
85440,0.125,0,0.111,0.3
85125,0.125,0,0.111,0.3
85250,0.125,0,0.111,0.3
91001,0.25,0,0,0.5
91263,0.25,0,0,0.5
91405,0.25,0,0,0.5
91407,0.25,0,0,0.5
91430,0.25,0,0,0.5
91460,0.25,0,0,0.5
91530,0.25,0,0,0.5
91536,0.25,0,0,0.5
91540,0.25,0,0,0.5
91669,0.25,0,0,0.5
91798,0.25,0,0,0.5
97001,0.25,0,0,0.5
97161,0.25,0,0,0.5
97511,0.25,0,0,0.5
97666,0.25,0,0,0.5
97777,0.25,0,0,0.5
97889,0.25,0,0,0.5
95001,0.125,0,0.111,0.3
95015,0.125,0,0.111,0.3
95025,0.125,0,0.111,0.3
95200,0.125,0,0.111,0.3
17001,0.25,0.222,0.333,0.1
17013,0.25,0.222,0.333,0.1
17486,0.25,0.222,0.333,0.1
17446,0.25,0.222,0.333,0.1
17444,0.25,0.222,0.333,0.1
17442,0.25,0.222,0.333,0.1
17433,0.25,0.222,0.333,0.1
17388,0.25,0.222,0.333,0.1
17380,0.25,0.222,0.333,0.1
17272,0.25,0.222,0.333,0.1
17174,0.25,0.222,0.333,0.1
17088,0.25,0.222,0.333,0.1
17050,0.25,0.222,0.333,0.1
17042,0.25,0.222,0.333,0.1
17495,0.25,0.222,0.333,0.1
17877,0.25,0.222,0.333,0.1
17873,0.25,0.222,0.333,0.1
17867,0.25,0.222,0.333,0.1
17777,0.25,0.222,0.333,0.1
17665,0.25,0.222,0.333,0.1
17662,0.25,0.222,0.333,0.1
17653,0.25,0.222,0.333,0.1
17616,0.25,0.222,0.333,0.1
17541,0.25,0.222,0.333,0.1
17524,0.25,0.222,0.333,0.1
17513,0.25,0.222,0.333,0.1
17614,0.25,0.222,0.333,0.1
63001,0.25,0.222,0.333,0.1
63111,0.25,0.222,0.333,0.1
63130,0.25,0.222,0.333,0.1
63190,0.25,0.222,0.333,0.1
63212,0.25,0.222,0.333,0.1
63272,0.25,0.222,0.333,0.1
63302,0.25,0.222,0.333,0.1
63401,0.25,0.222,0.333,0.1
63470,0.25,0.222,0.333,0.1
63548,0.25,0.222,0.333,0.1
63594,0.25,0.222,0.333,0.1
63690,0.25,0.222,0.333,0.1
66001,0.25,0.222,0.333,0.1
66045,0.25,0.222,0.333,0.1
66075,0.25,0.222,0.333,0.1
66088,0.25,0.222,0.333,0.1
66170,0.25,0.222,0.333,0.1
66318,0.25,0.222,0.333,0.1
66383,0.25,0.222,0.333,0.1
66400,0.25,0.222,0.333,0.1
66440,0.25,0.222,0.333,0.1
66456,0.25,0.222,0.333,0.1
66572,0.25,0.222,0.333,0.1
66594,0.25,0.222,0.333,0.1
66682,0.25,0.222,0.333,0.1
66687,0.25,0.222,0.333,0.1
05001,0.25,0.222,0.333,0.1
05101,0.25,0.222,0.333,0.1
05107,0.25,0.222,0.333,0.1
05113,0.25,0.222,0.333,0.1
05120,0.25,0.222,0.333,0.1
05093,0.25,0.222,0.333,0.1
05091,0.25,0.222,0.333,0.1
05088,0.25,0.222,0.333,0.1
05086,0.25,0.222,0.333,0.1
05079,0.25,0.222,0.333,0.1
05059,0.25,0.222,0.333,0.1
05055,0.25,0.222,0.333,0.1
05051,0.25,0.222,0.333,0.1
05044,0.25,0.222,0.333,0.1
05042,0.25,0.222,0.333,0.1
05040,0.25,0.222,0.333,0.1
05038,0.25,0.222,0.333,0.1
05036,0.25,0.222,0.333,0.1
05034,0.25,0.222,0.333,0.1
05031,0.25,0.222,0.333,0.1
05030,0.25,0.222,0.333,0.1
05021,0.25,0.222,0.333,0.1
05004,0.25,0.222,0.333,0.1
05002,0.25,0.222,0.333,0.1
05895,0.25,0.222,0.333,0.1
05893,0.25,0.222,0.333,0.1
05890,0.25,0.222,0.333,0.1
05887,0.25,0.222,0.333,0.1
05885,0.25,0.222,0.333,0.1
05861,0.25,0.222,0.333,0.1
05858,0.25,0.222,0.333,0.1
05856,0.25,0.222,0.333,0.1
05854,0.25,0.222,0.333,0.1
05842,0.25,0.222,0.333,0.1
05837,0.25,0.222,0.333,0.1
05819,0.25,0.222,0.333,0.1
05809,0.25,0.222,0.333,0.1
05792,0.25,0.222,0.333,0.1
05790,0.25,0.222,0.333,0.1
05789,0.25,0.222,0.333,0.1
05761,0.25,0.222,0.333,0.1
05756,0.25,0.222,0.333,0.1
05736,0.25,0.222,0.333,0.1
05697,0.25,0.222,0.333,0.1
05690,0.25,0.222,0.333,0.1
05686,0.25,0.222,0.333,0.1
05679,0.25,0.222,0.333,0.1
05306,0.25,0.222,0.333,0.1
05282,0.25,0.222,0.333,0.1
05266,0.25,0.222,0.333,0.1
05264,0.25,0.222,0.333,0.1
05250,0.25,0.222,0.333,0.1
05240,0.25,0.222,0.333,0.1
05237,0.25,0.222,0.333,0.1
05212,0.25,0.222,0.333,0.1
05209,0.25,0.222,0.333,0.1
05206,0.25,0.222,0.333,0.1
05197,0.25,0.222,0.333,0.1
05190,0.25,0.222,0.333,0.1
05172,0.25,0.222,0.333,0.1
05154,0.25,0.222,0.333,0.1
05150,0.25,0.222,0.333,0.1
05148,0.25,0.222,0.333,0.1
05147,0.25,0.222,0.333,0.1
05145,0.25,0.222,0.333,0.1
05142,0.25,0.222,0.333,0.1
05138,0.25,0.222,0.333,0.1
05134,0.25,0.222,0.333,0.1
05129,0.25,0.222,0.333,0.1
05125,0.25,0.222,0.333,0.1
05674,0.25,0.222,0.333,0.1
05670,0.25,0.222,0.333,0.1
05667,0.25,0.222,0.333,0.1
05665,0.25,0.222,0.333,0.1
05664,0.25,0.222,0.333,0.1
05660,0.25,0.222,0.333,0.1
05659,0.25,0.222,0.333,0.1
05658,0.25,0.222,0.333,0.1
05656,0.25,0.222,0.333,0.1
05652,0.25,0.222,0.333,0.1
05649,0.25,0.222,0.333,0.1
05647,0.25,0.222,0.333,0.1
05642,0.25,0.222,0.333,0.1
05628,0.25,0.222,0.333,0.1
05615,0.25,0.222,0.333,0.1
05607,0.25,0.222,0.333,0.1
05604,0.25,0.222,0.333,0.1
05591,0.25,0.222,0.333,0.1
05585,0.25,0.222,0.333,0.1
05579,0.25,0.222,0.333,0.1
05576,0.25,0.222,0.333,0.1
05543,0.25,0.222,0.333,0.1
05541,0.25,0.222,0.333,0.1
05501,0.25,0.222,0.333,0.1
05495,0.25,0.222,0.333,0.1
05490,0.25,0.222,0.333,0.1
05483,0.25,0.222,0.333,0.1
05480,0.25,0.222,0.333,0.1
05467,0.25,0.222,0.333,0.1
05440,0.25,0.222,0.333,0.1
05425,0.25,0.222,0.333,0.1
05411,0.25,0.222,0.333,0.1
05400,0.25,0.222,0.333,0.1
05390,0.25,0.222,0.333,0.1
05376,0.25,0.222,0.333,0.1
05368,0.25,0.222,0.333,0.1
05364,0.25,0.222,0.333,0.1
05360,0.25,0.222,0.333,0.1
05353,0.25,0.222,0.333,0.1
05347,0.25,0.222,0.333,0.1
05321,0.25,0.222,0.333,0.1
05318,0.25,0.222,0.333,0.1
05315,0.25,0.222,0.333,0.1
05313,0.25,0.222,0.333,0.1
05310,0.25,0.222,0.333,0.1
05308,0.25,0.222,0.333,0.1
05234,0.25,0.222,0.333,0.1
05284,0.25,0.222,0.333,0.1
05361,0.25,0.222,0.333,0.1
05847,0.25,0.222,0.333,0.1
05475,0.25,0.222,0.333,0.1
05873,0.25,0.222,0.333,0.1
05045,0.25,0.222,0.333,0.1
27615,0.125,0,0.111,0.3
27001,0.125,0,0.111,0.3
27006,0.125,0,0.111,0.3
27025,0.125,0,0.111,0.3
27050,0.125,0,0.111,0.3
27073,0.125,0,0.111,0.3
27075,0.125,0,0.111,0.3
27077,0.125,0,0.111,0.3
27099,0.125,0,0.111,0.3
27135,0.125,0,0.111,0.3
27150,0.125,0,0.111,0.3
27160,0.125,0,0.111,0.3
27205,0.125,0,0.111,0.3
27245,0.125,0,0.111,0.3
27250,0.125,0,0.111,0.3
27361,0.125,0,0.111,0.3
27372,0.125,0,0.111,0.3
27413,0.125,0,0.111,0.3
27425,0.125,0,0.111,0.3
27430,0.125,0,0.111,0.3
27450,0.125,0,0.111,0.3
27491,0.125,0,0.111,0.3
27495,0.125,0,0.111,0.3
27580,0.125,0,0.111,0.3
27600,0.125,0,0.111,0.3
27660,0.125,0,0.111,0.3
27745,0.125,0,0.111,0.3
27787,0.125,0,0.111,0.3
27800,0.125,0,0.111,0.3
27810,0.125,0,0.111,0.3
52835,0.125,0,0.111,0.3
23001,0.25,0.222,0.333,0.1
23068,0.25,0.222,0.333,0.1
23079,0.25,0.222,0.333,0.1
23090,0.25,0.222,0.333,0.1
23162,0.25,0.222,0.333,0.1
23168,0.25,0.222,0.333,0.1
23182,0.25,0.222,0.333,0.1
23189,0.25,0.222,0.333,0.1
23300,0.25,0.222,0.333,0.1
23350,0.25,0.222,0.333,0.1
23417,0.25,0.222,0.333,0.1
23419,0.25,0.222,0.333,0.1
23464,0.25,0.222,0.333,0.1
23500,0.25,0.222,0.333,0.1
23555,0.25,0.222,0.333,0.1
23570,0.25,0.222,0.333,0.1
23574,0.25,0.222,0.333,0.1
23586,0.25,0.222,0.333,0.1
23660,0.25,0.222,0.333,0.1
23670,0.25,0.222,0.333,0.1
23672,0.25,0.222,0.333,0.1
23675,0.25,0.222,0.333,0.1
23678,0.25,0.222,0.333,0.1
23682,0.25,0.222,0.333,0.1
23686,0.25,0.222,0.333,0.1
23815,0.25,0.222,0.333,0.1
23855,0.25,0.222,0.333,0.1
23466,0.25,0.222,0.333,0.1
23580,0.25,0.222,0.333,0.1
23807,0.25,0.222,0.333,0.1
08001,0.25,0.222,0.333,0.1
08078,0.25,0.222,0.333,0.1
08137,0.25,0.222,0.333,0.1
08141,0.25,0.222,0.333,0.1
08296,0.25,0.222,0.333,0.1
08372,0.25,0.222,0.333,0.1
08421,0.25,0.222,0.333,0.1
08433,0.25,0.222,0.333,0.1
08436,0.25,0.222,0.333,0.1
08520,0.25,0.222,0.333,0.1
08549,0.25,0.222,0.333,0.1
08558,0.25,0.222,0.333,0.1
08560,0.25,0.222,0.333,0.1
08573,0.25,0.222,0.333,0.1
08606,0.25,0.222,0.333,0.1
08634,0.25,0.222,0.333,0.1
08638,0.25,0.222,0.333,0.1
08675,0.25,0.222,0.333,0.1
08685,0.25,0.222,0.333,0.1
08758,0.25,0.222,0.333,0.1
08770,0.25,0.222,0.333,0.1
08832,0.25,0.222,0.333,0.1
08849,0.25,0.222,0.333,0.1
13001,0.25,0.222,0.333,0.1
13006,0.25,0.222,0.333,0.1
13030,0.25,0.222,0.333,0.1
13042,0.25,0.222,0.333,0.1
13052,0.25,0.222,0.333,0.1
13062,0.25,0.222,0.333,0.1
13074,0.25,0.222,0.333,0.1
13140,0.25,0.222,0.333,0.1
13160,0.25,0.222,0.333,0.1
13188,0.25,0.222,0.333,0.1
13212,0.25,0.222,0.333,0.1
13222,0.25,0.222,0.333,0.1
13244,0.25,0.222,0.333,0.1
13248,0.25,0.222,0.333,0.1
13268,0.25,0.222,0.333,0.1
13433,0.25,0.222,0.333,0.1
13440,0.25,0.222,0.333,0.1
13442,0.25,0.222,0.333,0.1
13458,0.25,0.222,0.333,0.1
13468,0.25,0.222,0.333,0.1
13473,0.25,0.222,0.333,0.1
13490,0.25,0.222,0.333,0.1
13549,0.25,0.222,0.333,0.1
13580,0.25,0.222,0.333,0.1
13600,0.25,0.222,0.333,0.1
13620,0.25,0.222,0.333,0.1
13647,0.25,0.222,0.333,0.1
13654,0.25,0.222,0.333,0.1
13655,0.25,0.222,0.333,0.1
13657,0.25,0.222,0.333,0.1
13667,0.25,0.222,0.333,0.1
13670,0.25,0.222,0.333,0.1
13673,0.25,0.222,0.333,0.1
13683,0.25,0.222,0.333,0.1
13688,0.25,0.222,0.333,0.1
13744,0.25,0.222,0.333,0.1
13760,0.25,0.222,0.333,0.1
13780,0.25,0.222,0.333,0.1
13810,0.25,0.222,0.333,0.1
13836,0.25,0.222,0.333,0.1
13838,0.25,0.222,0.333,0.1
13873,0.25,0.222,0.333,0.1
13894,0.25,0.222,0.333,0.1
20032,0.25,0.222,0.333,0.1
20060,0.25,0.222,0.333,0.1
20175,0.25,0.222,0.333,0.1
20178,0.25,0.222,0.333,0.1
20228,0.25,0.222,0.333,0.1
20238,0.25,0.222,0.333,0.1
20250,0.25,0.222,0.333,0.1
20295,0.25,0.222,0.333,0.1
20310,0.25,0.222,0.333,0.1
20383,0.25,0.222,0.333,0.1
20400,0.25,0.222,0.333,0.1
20443,0.25,0.222,0.333,0.1
20517,0.25,0.222,0.333,0.1
20550,0.25,0.222,0.333,0.1
20614,0.25,0.222,0.333,0.1
20710,0.25,0.222,0.333,0.1
20750,0.25,0.222,0.333,0.1
20787,0.25,0.222,0.333,0.1
20001,0.25,0.222,0.333,0.1
20013,0.25,0.222,0.333,0.1
20045,0.25,0.222,0.333,0.1
20621,0.25,0.222,0.333,0.1
20570,0.25,0.222,0.333,0.1
20770,0.25,0.222,0.333,0.1
20011,0.25,0.222,0.333,0.1
44078,0.25,0.222,0.333,0.1
44098,0.25,0.222,0.333,0.1
44110,0.25,0.222,0.333,0.1
44279,0.25,0.222,0.333,0.1
44378,0.25,0.222,0.333,0.1
44420,0.25,0.222,0.333,0.1
44855,0.25,0.222,0.333,0.1
44874,0.25,0.222,0.333,0.1
44001,0.25,0.222,0.333,0.1
44035,0.25,0.222,0.333,0.1
44090,0.25,0.222,0.333,0.1
44650,0.25,0.222,0.333,0.1
44847,0.25,0.222,0.333,0.1
44430,0.25,0.222,0.333,0.1
44560,0.25,0.222,0.333,0.1
47541,0.25,0.222,0.333,0.1
47030,0.25,0.222,0.333,0.1
47058,0.25,0.222,0.333,0.1
47161,0.25,0.222,0.333,0.1
47170,0.25,0.222,0.333,0.1
47205,0.25,0.222,0.333,0.1
47258,0.25,0.222,0.333,0.1
47268,0.25,0.222,0.333,0.1
47318,0.25,0.222,0.333,0.1
47460,0.25,0.222,0.333,0.1
47545,0.25,0.222,0.333,0.1
47551,0.25,0.222,0.333,0.1
47555,0.25,0.222,0.333,0.1
47570,0.25,0.222,0.333,0.1
47605,0.25,0.222,0.333,0.1
47660,0.25,0.222,0.333,0.1
47675,0.25,0.222,0.333,0.1
47692,0.25,0.222,0.333,0.1
47703,0.25,0.222,0.333,0.1
47707,0.25,0.222,0.333,0.1
47720,0.25,0.222,0.333,0.1
47745,0.25,0.222,0.333,0.1
47798,0.25,0.222,0.333,0.1
47960,0.25,0.222,0.333,0.1
47980,0.25,0.222,0.333,0.1
47053,0.25,0.222,0.333,0.1
47189,0.25,0.222,0.333,0.1
47288,0.25,0.222,0.333,0.1
47001,0.25,0.222,0.333,0.1
47245,0.25,0.222,0.333,0.1
70001,0.25,0.222,0.333,0.1
70110,0.25,0.222,0.333,0.1
70124,0.25,0.222,0.333,0.1
70204,0.25,0.222,0.333,0.1
70215,0.25,0.222,0.333,0.1
70221,0.25,0.222,0.333,0.1
70230,0.25,0.222,0.333,0.1
70233,0.25,0.222,0.333,0.1
70235,0.25,0.222,0.333,0.1
70265,0.25,0.222,0.333,0.1
70400,0.25,0.222,0.333,0.1
70418,0.25,0.222,0.333,0.1
70429,0.25,0.222,0.333,0.1
70508,0.25,0.222,0.333,0.1
70523,0.25,0.222,0.333,0.1
70670,0.25,0.222,0.333,0.1
70678,0.25,0.222,0.333,0.1
70702,0.25,0.222,0.333,0.1
70708,0.25,0.222,0.333,0.1
70713,0.25,0.222,0.333,0.1
70717,0.25,0.222,0.333,0.1
70742,0.25,0.222,0.333,0.1
70771,0.25,0.222,0.333,0.1
70820,0.25,0.222,0.333,0.1
70823,0.25,0.222,0.333,0.1
70473,0.25,0.222,0.333,0.1
88001,0.25,0.222,0.333,0.1
88564,0.25,0.222,0.333,0.1
81001,0.125,0,0.111,0.3
81591,0.125,0,0.111,0.3
81220,0.125,0,0.111,0.3
81065,0.125,0,0.111,0.3
81300,0.125,0,0.111,0.3
81736,0.125,0,0.111,0.3
81794,0.125,0,0.111,0.3
15001,0.125,0,0.111,0.3
15022,0.125,0,0.111,0.3
15047,0.125,0,0.111,0.3
15051,0.125,0,0.111,0.3
15087,0.125,0,0.111,0.3
15090,0.125,0,0.111,0.3
15092,0.125,0,0.111,0.3
15097,0.125,0,0.111,0.3
15104,0.125,0,0.111,0.3
15106,0.125,0,0.111,0.3
15109,0.125,0,0.111,0.3
15114,0.125,0,0.111,0.3
15131,0.125,0,0.111,0.3
15135,0.125,0,0.111,0.3
15162,0.125,0,0.111,0.3
15172,0.125,0,0.111,0.3
15176,0.125,0,0.111,0.3
15183,0.125,0,0.111,0.3
15185,0.125,0,0.111,0.3
15187,0.125,0,0.111,0.3
15189,0.125,0,0.111,0.3
15204,0.125,0,0.111,0.3
15212,0.125,0,0.111,0.3
15215,0.125,0,0.111,0.3
15377,0.125,0,0.111,0.3
15380,0.125,0,0.111,0.3
15401,0.125,0,0.111,0.3
15403,0.125,0,0.111,0.3
15542,0.125,0,0.111,0.3
15550,0.125,0,0.111,0.3
15572,0.125,0,0.111,0.3
15580,0.125,0,0.111,0.3
15755,0.125,0,0.111,0.3
15757,0.125,0,0.111,0.3
15759,0.125,0,0.111,0.3
15761,0.125,0,0.111,0.3
15842,0.125,0,0.111,0.3
15861,0.125,0,0.111,0.3
15879,0.125,0,0.111,0.3
15897,0.125,0,0.111,0.3
15218,0.125,0,0.111,0.3
15224,0.125,0,0.111,0.3
15226,0.125,0,0.111,0.3
15232,0.125,0,0.111,0.3
15236,0.125,0,0.111,0.3
15238,0.125,0,0.111,0.3
15244,0.125,0,0.111,0.3
15248,0.125,0,0.111,0.3
15272,0.125,0,0.111,0.3
15276,0.125,0,0.111,0.3
15293,0.125,0,0.111,0.3
15296,0.125,0,0.111,0.3
15299,0.125,0,0.111,0.3
15317,0.125,0,0.111,0.3
15322,0.125,0,0.111,0.3
15325,0.125,0,0.111,0.3
15362,0.125,0,0.111,0.3
15367,0.125,0,0.111,0.3
15368,0.125,0,0.111,0.3
15407,0.125,0,0.111,0.3
15425,0.125,0,0.111,0.3
15442,0.125,0,0.111,0.3
15455,0.125,0,0.111,0.3
15464,0.125,0,0.111,0.3
15466,0.125,0,0.111,0.3
15469,0.125,0,0.111,0.3
15476,0.125,0,0.111,0.3
15480,0.125,0,0.111,0.3
15491,0.125,0,0.111,0.3
15494,0.125,0,0.111,0.3
15500,0.125,0,0.111,0.3
15507,0.125,0,0.111,0.3
15511,0.125,0,0.111,0.3
15514,0.125,0,0.111,0.3
15516,0.125,0,0.111,0.3
15518,0.125,0,0.111,0.3
15522,0.125,0,0.111,0.3
15531,0.125,0,0.111,0.3
15533,0.125,0,0.111,0.3
15537,0.125,0,0.111,0.3
15599,0.125,0,0.111,0.3
15600,0.125,0,0.111,0.3
15621,0.125,0,0.111,0.3
15632,0.125,0,0.111,0.3
15638,0.125,0,0.111,0.3
15646,0.125,0,0.111,0.3
15660,0.125,0,0.111,0.3
15664,0.125,0,0.111,0.3
15667,0.125,0,0.111,0.3
15673,0.125,0,0.111,0.3
15676,0.125,0,0.111,0.3
15681,0.125,0,0.111,0.3
15686,0.125,0,0.111,0.3
15690,0.125,0,0.111,0.3
15693,0.125,0,0.111,0.3
15696,0.125,0,0.111,0.3
15720,0.125,0,0.111,0.3
15723,0.125,0,0.111,0.3
15740,0.125,0,0.111,0.3
15753,0.125,0,0.111,0.3
15762,0.125,0,0.111,0.3
15763,0.125,0,0.111,0.3
15764,0.125,0,0.111,0.3
15774,0.125,0,0.111,0.3
15776,0.125,0,0.111,0.3
15778,0.125,0,0.111,0.3
15790,0.125,0,0.111,0.3
15798,0.125,0,0.111,0.3
15804,0.125,0,0.111,0.3
15806,0.125,0,0.111,0.3
15808,0.125,0,0.111,0.3
15810,0.125,0,0.111,0.3
15814,0.125,0,0.111,0.3
15816,0.125,0,0.111,0.3
15820,0.125,0,0.111,0.3
15822,0.125,0,0.111,0.3
15832,0.125,0,0.111,0.3
15835,0.125,0,0.111,0.3
15837,0.125,0,0.111,0.3
15839,0.125,0,0.111,0.3
15180,0.125,0,0.111,0.3
15223,0.125,0,0.111,0.3
15332,0.125,0,0.111,0.3
25019,0.125,0,0.111,0.3
25035,0.125,0,0.111,0.3
25040,0.125,0,0.111,0.3
25053,0.125,0,0.111,0.3
25086,0.125,0,0.111,0.3
25095,0.125,0,0.111,0.3
25099,0.125,0,0.111,0.3
25120,0.125,0,0.111,0.3
25123,0.125,0,0.111,0.3
25126,0.125,0,0.111,0.3
25148,0.125,0,0.111,0.3
25151,0.125,0,0.111,0.3
25154,0.125,0,0.111,0.3
25168,0.125,0,0.111,0.3
25178,0.125,0,0.111,0.3
25181,0.125,0,0.111,0.3
25183,0.125,0,0.111,0.3
25200,0.125,0,0.111,0.3
25214,0.125,0,0.111,0.3
25224,0.125,0,0.111,0.3
25245,0.125,0,0.111,0.3
25258,0.125,0,0.111,0.3
25269,0.125,0,0.111,0.3
25279,0.125,0,0.111,0.3
25281,0.125,0,0.111,0.3
25286,0.125,0,0.111,0.3
25288,0.125,0,0.111,0.3
25293,0.125,0,0.111,0.3
25295,0.125,0,0.111,0.3
25297,0.125,0,0.111,0.3
25299,0.125,0,0.111,0.3
25312,0.125,0,0.111,0.3
25317,0.125,0,0.111,0.3
25320,0.125,0,0.111,0.3
25322,0.125,0,0.111,0.3
25324,0.125,0,0.111,0.3
25326,0.125,0,0.111,0.3
25328,0.125,0,0.111,0.3
25335,0.125,0,0.111,0.3
25339,0.125,0,0.111,0.3
25368,0.125,0,0.111,0.3
25372,0.125,0,0.111,0.3
25377,0.125,0,0.111,0.3
25386,0.125,0,0.111,0.3
25394,0.125,0,0.111,0.3
25398,0.125,0,0.111,0.3
25402,0.125,0,0.111,0.3
25407,0.125,0,0.111,0.3
25426,0.125,0,0.111,0.3
25430,0.125,0,0.111,0.3
25436,0.125,0,0.111,0.3
25438,0.125,0,0.111,0.3
25483,0.125,0,0.111,0.3
25486,0.125,0,0.111,0.3
25488,0.125,0,0.111,0.3
25489,0.125,0,0.111,0.3
25491,0.125,0,0.111,0.3
25506,0.125,0,0.111,0.3
25513,0.125,0,0.111,0.3
25518,0.125,0,0.111,0.3
25524,0.125,0,0.111,0.3
25530,0.125,0,0.111,0.3
25535,0.125,0,0.111,0.3
25572,0.125,0,0.111,0.3
25580,0.125,0,0.111,0.3
25592,0.125,0,0.111,0.3
25594,0.125,0,0.111,0.3
25596,0.125,0,0.111,0.3
25599,0.125,0,0.111,0.3
25612,0.125,0,0.111,0.3
25645,0.125,0,0.111,0.3
25649,0.125,0,0.111,0.3
25653,0.125,0,0.111,0.3
25658,0.125,0,0.111,0.3
25718,0.125,0,0.111,0.3
25736,0.125,0,0.111,0.3
25743,0.125,0,0.111,0.3
25745,0.125,0,0.111,0.3
25758,0.125,0,0.111,0.3
25769,0.125,0,0.111,0.3
25772,0.125,0,0.111,0.3
25777,0.125,0,0.111,0.3
25779,0.125,0,0.111,0.3
25781,0.125,0,0.111,0.3
25785,0.125,0,0.111,0.3
25793,0.125,0,0.111,0.3
25797,0.125,0,0.111,0.3
25799,0.125,0,0.111,0.3
25805,0.125,0,0.111,0.3
25807,0.125,0,0.111,0.3
25815,0.125,0,0.111,0.3
25817,0.125,0,0.111,0.3
25823,0.125,0,0.111,0.3
25839,0.125,0,0.111,0.3
25841,0.125,0,0.111,0.3
25843,0.125,0,0.111,0.3
25845,0.125,0,0.111,0.3
25851,0.125,0,0.111,0.3
25862,0.125,0,0.111,0.3
25867,0.125,0,0.111,0.3
25871,0.125,0,0.111,0.3
25873,0.125,0,0.111,0.3
25875,0.125,0,0.111,0.3
25878,0.125,0,0.111,0.3
25885,0.125,0,0.111,0.3
25898,0.125,0,0.111,0.3
25899,0.125,0,0.111,0.3
25001,0.125,0,0.111,0.3
54001,0.125,0,0.111,0.3
54003,0.125,0,0.111,0.3
54051,0.125,0,0.111,0.3
54099,0.125,0,0.111,0.3
54109,0.125,0,0.111,0.3
54125,0.125,0,0.111,0.3
54128,0.125,0,0.111,0.3
54172,0.125,0,0.111,0.3
54223,0.125,0,0.111,0.3
54239,0.125,0,0.111,0.3
54261,0.125,0,0.111,0.3
54313,0.125,0,0.111,0.3
54344,0.125,0,0.111,0.3
54347,0.125,0,0.111,0.3
54377,0.125,0,0.111,0.3
54385,0.125,0,0.111,0.3
54398,0.125,0,0.111,0.3
54405,0.125,0,0.111,0.3
54418,0.125,0,0.111,0.3
54480,0.125,0,0.111,0.3
54498,0.125,0,0.111,0.3
54518,0.125,0,0.111,0.3
54520,0.125,0,0.111,0.3
54553,0.125,0,0.111,0.3
54599,0.125,0,0.111,0.3
54660,0.125,0,0.111,0.3
54670,0.125,0,0.111,0.3
54673,0.125,0,0.111,0.3
54680,0.125,0,0.111,0.3
54720,0.125,0,0.111,0.3
54743,0.125,0,0.111,0.3
54871,0.125,0,0.111,0.3
54874,0.125,0,0.111,0.3
54174,0.125,0,0.111,0.3
54206,0.125,0,0.111,0.3
54245,0.125,0,0.111,0.3
54800,0.125,0,0.111,0.3
54810,0.125,0,0.111,0.3
54820,0.125,0,0.111,0.3
54250,0.125,0,0.111,0.3
11001,0.125,0,0.111,0.3
50001,0.125,0,0.111,0.3
50006,0.125,0,0.111,0.3
50110,0.125,0,0.111,0.3
50124,0.125,0,0.111,0.3
50150,0.125,0,0.111,0.3
50223,0.125,0,0.111,0.3
50226,0.125,0,0.111,0.3
50245,0.125,0,0.111,0.3
50251,0.125,0,0.111,0.3
50270,0.125,0,0.111,0.3
50287,0.125,0,0.111,0.3
50313,0.125,0,0.111,0.3
50318,0.125,0,0.111,0.3
50330,0.125,0,0.111,0.3
50370,0.125,0,0.111,0.3
50400,0.125,0,0.111,0.3
50450,0.125,0,0.111,0.3
50573,0.125,0,0.111,0.3
50577,0.125,0,0.111,0.3
50590,0.125,0,0.111,0.3
50606,0.125,0,0.111,0.3
50680,0.125,0,0.111,0.3
50683,0.125,0,0.111,0.3
50686,0.125,0,0.111,0.3
50689,0.125,0,0.111,0.3
50711,0.125,0,0.111,0.3
50350,0.125,0,0.111,0.3
50325,0.125,0,0.111,0.3
50568,0.125,0,0.111,0.3
41001,0.25,0,0,0.5
41306,0.25,0,0,0.5
41319,0.25,0,0,0.5
41349,0.25,0,0,0.5
41357,0.25,0,0,0.5
41359,0.25,0,0,0.5
41378,0.25,0,0,0.5
41396,0.25,0,0,0.5
41483,0.25,0,0,0.5
41503,0.25,0,0,0.5
41518,0.25,0,0,0.5
41524,0.25,0,0,0.5
41530,0.25,0,0,0.5
41548,0.25,0,0,0.5
41551,0.25,0,0,0.5
41615,0.25,0,0,0.5
41660,0.25,0,0,0.5
41668,0.25,0,0,0.5
41676,0.25,0,0,0.5
41770,0.25,0,0,0.5
41791,0.25,0,0,0.5
41797,0.25,0,0,0.5
41799,0.25,0,0,0.5
41801,0.25,0,0,0.5
41807,0.25,0,0,0.5
41872,0.25,0,0,0.5
41885,0.25,0,0,0.5
41298,0.25,0,0,0.5
41244,0.25,0,0,0.5
41206,0.25,0,0,0.5
41132,0.25,0,0,0.5
41078,0.25,0,0,0.5
41026,0.25,0,0,0.5
41020,0.25,0,0,0.5
41016,0.25,0,0,0.5
41013,0.25,0,0,0.5
41006,0.25,0,0,0.5
68013,0.125,0,0.111,0.3
68020,0.125,0,0.111,0.3
68051,0.125,0,0.111,0.3
68077,0.125,0,0.111,0.3
68079,0.125,0,0.111,0.3
68081,0.125,0,0.111,0.3
68092,0.125,0,0.111,0.3
68121,0.125,0,0.111,0.3
68132,0.125,0,0.111,0.3
68147,0.125,0,0.111,0.3
68152,0.125,0,0.111,0.3
68160,0.125,0,0.111,0.3
68162,0.125,0,0.111,0.3
68167,0.125,0,0.111,0.3
68169,0.125,0,0.111,0.3
68176,0.125,0,0.111,0.3
68179,0.125,0,0.111,0.3
68190,0.125,0,0.111,0.3
68207,0.125,0,0.111,0.3
68209,0.125,0,0.111,0.3
68615,0.125,0,0.111,0.3
68655,0.125,0,0.111,0.3
68669,0.125,0,0.111,0.3
68673,0.125,0,0.111,0.3
68679,0.125,0,0.111,0.3
68682,0.125,0,0.111,0.3
68684,0.125,0,0.111,0.3
68686,0.125,0,0.111,0.3
68689,0.125,0,0.111,0.3
68705,0.125,0,0.111,0.3
68720,0.125,0,0.111,0.3
68745,0.125,0,0.111,0.3
68755,0.125,0,0.111,0.3
68770,0.125,0,0.111,0.3
68773,0.125,0,0.111,0.3
68780,0.125,0,0.111,0.3
68820,0.125,0,0.111,0.3
68855,0.125,0,0.111,0.3
68861,0.125,0,0.111,0.3
68867,0.125,0,0.111,0.3
68872,0.125,0,0.111,0.3
68895,0.125,0,0.111,0.3
68370,0.125,0,0.111,0.3
68377,0.125,0,0.111,0.3
68385,0.125,0,0.111,0.3
68397,0.125,0,0.111,0.3
68406,0.125,0,0.111,0.3
68418,0.125,0,0.111,0.3
68425,0.125,0,0.111,0.3
68432,0.125,0,0.111,0.3
68444,0.125,0,0.111,0.3
68464,0.125,0,0.111,0.3
68468,0.125,0,0.111,0.3
68498,0.125,0,0.111,0.3
68500,0.125,0,0.111,0.3
68502,0.125,0,0.111,0.3
68522,0.125,0,0.111,0.3
68524,0.125,0,0.111,0.3
68533,0.125,0,0.111,0.3
68549,0.125,0,0.111,0.3
68572,0.125,0,0.111,0.3
68573,0.125,0,0.111,0.3
68575,0.125,0,0.111,0.3
68211,0.125,0,0.111,0.3
68217,0.125,0,0.111,0.3
68229,0.125,0,0.111,0.3
68235,0.125,0,0.111,0.3
68245,0.125,0,0.111,0.3
68255,0.125,0,0.111,0.3
68264,0.125,0,0.111,0.3
68266,0.125,0,0.111,0.3
68271,0.125,0,0.111,0.3
68296,0.125,0,0.111,0.3
68298,0.125,0,0.111,0.3
68318,0.125,0,0.111,0.3
68320,0.125,0,0.111,0.3
68322,0.125,0,0.111,0.3
68324,0.125,0,0.111,0.3
68327,0.125,0,0.111,0.3
68344,0.125,0,0.111,0.3
68368,0.125,0,0.111,0.3
68307,0.125,0,0.111,0.3
68276,0.125,0,0.111,0.3
68101,0.125,0,0.111,0.3
68250,0.125,0,0.111,0.3
68547,0.125,0,0.111,0.3
68001,0.125,0,0.111,0.3
73001,0.25,0,0,0.5
73024,0.25,0,0,0.5
73026,0.25,0,0,0.5
73030,0.25,0,0,0.5
73043,0.25,0,0,0.5
73055,0.25,0,0,0.5
73067,0.25,0,0,0.5
73124,0.25,0,0,0.5
73148,0.25,0,0,0.5
73152,0.25,0,0,0.5
73168,0.25,0,0,0.5
73200,0.25,0,0,0.5
73217,0.25,0,0,0.5
73226,0.25,0,0,0.5
73236,0.25,0,0,0.5
73268,0.25,0,0,0.5
73270,0.25,0,0,0.5
73275,0.25,0,0,0.5
73283,0.25,0,0,0.5
73319,0.25,0,0,0.5
73347,0.25,0,0,0.5
73352,0.25,0,0,0.5
73408,0.25,0,0,0.5
73411,0.25,0,0,0.5
73443,0.25,0,0,0.5
73449,0.25,0,0,0.5
73461,0.25,0,0,0.5
73483,0.25,0,0,0.5
73504,0.25,0,0,0.5
73520,0.25,0,0,0.5
73547,0.25,0,0,0.5
73555,0.25,0,0,0.5
73563,0.25,0,0,0.5
73585,0.25,0,0,0.5
73616,0.25,0,0,0.5
73622,0.25,0,0,0.5
73624,0.25,0,0,0.5
73671,0.25,0,0,0.5
73675,0.25,0,0,0.5
73678,0.25,0,0,0.5
73686,0.25,0,0,0.5
73770,0.25,0,0,0.5
73854,0.25,0,0,0.5
73861,0.25,0,0,0.5
73870,0.25,0,0,0.5
73873,0.25,0,0,0.5
13300,0.25,0.222,0.333,0.1
13650,0.25,0.222,0.333,0.1
13430,0.25,0.222,0.333,0.1
25307,0.125,0,0.111,0.3
25754,0.125,0,0.111,0.3
25175,0.125,0,0.111,0.3
25260,0.125,0,0.111,0.3
25473,0.125,0,0.111,0.3
25740,0.125,0,0.111,0.3
25290,0.125,0,0.111,0.3
25662,0.125,0,0.111,0.3
73349,0.25,0,0,0.5
05631,0.25,0.222,0.333,0.1
05380,0.25,0.222,0.333,0.1
